Launch File,Literal Publisher-Subscriber,Other Publisher-Subscriber,Nested Publisher-Subscriber,Literal Service,Other Service,Nested Service,Spinners,Custom Messages,Params,File Params,Cmd Params,Nodelets,Remaps,Non-const Args,Env Vars,Includes
rbcar_sim/rbcar_sim_bringup/launch/purepursuit_marker.launch,0,0,0,0,0,0,0,0,0,0,0,0,0,0,0,0
rb1_base_sim/rb1_base_2dnav/launch/navigation_local/move_base_local.launch,0,0,0,0,0,0,0,0,0,1,0,0,1,0,0,0
turtlebot_simulator/turtlebot_stage/launch/turtlebot_in_stage.launch,1,1,1,0,0,0,1,1,1,1,1,1,1,1,1,1
grizzly_robot/grizzly_base/launch/motors.launch,1,0,0,0,0,0,1,1,1,0,0,0,1,0,1,0
kobuki/kobuki_random_walker/launch/random_walker_app.launch,1,0,0,0,0,0,1,1,1,0,0,1,1,0,0,0
kobuki/kobuki_keyop/launch/keyop.launch,1,0,0,0,0,0,1,1,1,0,0,0,1,0,0,0
motoman/motoman_sia10d_support/launch/robot_state_visualize_sia10d.launch,1,1,1,1,1,1,0,1,1,1,1,0,0,1,0,1
rb1_common/rb1_mico_3fg_moveit_config/launch/run_benchmark_ompl.launch,0,0,0,0,0,0,0,0,0,1,0,0,0,1,0,1
rb1_base_common/rb1_base_kinova_j2n6a300_moveit_config/launch/run_benchmark_ompl.launch,0,0,0,0,0,0,0,0,0,1,1,0,0,1,0,1
cob_robots/cob_bringup/tools/wifi_monitor.launch,0,0,0,0,0,0,0,0,0,0,0,0,0,1,1,0
turtlebot_apps/turtlebot_rapps/rapps/panorama/panorama.launch,1,1,1,1,0,1,0,1,1,0,0,0,1,0,0,1
turtlebot_arm/turtlebot_arm_moveit_config/launch/setup_assistant.launch,0,0,0,0,0,0,0,0,0,0,0,0,0,1,0,0
motoman/motoman_sia10f_support/launch/robot_state_visualize_sia10f.launch,1,1,1,1,1,1,0,1,1,1,1,0,0,1,0,1
turtlebot_apps/turtlebot_rapps/rapps/follower/follower.launch,1,1,1,1,0,1,0,1,1,1,0,1,1,1,1,1
rocon_app_platform/rocon_app_utilities/tests/test_rapps/rapp/inherity/icon_and_publics/parent.launch,0,0,0,0,0,0,0,0,0,0,0,0,0,1,0,0
grizzly_robot/grizzly_bringup/launch/core/um6.launch,0,0,0,0,0,0,0,0,0,0,0,0,0,0,1,0
capabilities/test/unit/discovery_workspaces/missing_interface/missing_interface_pkg/providers/launch/minimal.launch,0,0,0,0,0,0,0,0,0,0,0,0,0,0,0,0
mico_common/mico_moveit_config/launch/joystick_control.launch,0,0,0,0,0,0,0,0,0,0,0,0,0,1,0,0
grizzly_robot/grizzly_base/launch/mcu.launch,1,0,0,0,0,0,1,1,1,0,0,0,0,0,1,0
sr_core/sr_hand/launch/advanced/sr_realarm_motor.launch,1,1,1,1,0,0,1,1,1,1,1,0,1,1,1,1
cob_robots/cob_bringup/tools/cob_obstacle_distance.launch,1,0,0,1,0,1,0,1,1,1,0,0,0,1,1,0
sr_core/sr_tactile_sensors/launch/sr_tactile_gazebo.launch,0,0,0,0,0,0,0,0,0,1,0,0,0,0,0,0
aubo_robot/aubo_driver/launch/aubo_i5_bringup.launch,1,0,0,0,0,0,1,1,0,0,1,0,0,1,0,1
industrial_core/industrial_robot_client/launch/robot_state_visualize.launch,1,0,0,1,0,1,0,1,1,1,0,0,0,1,0,0
rocon_app_platform/rocon_apps/launch/typing_to_string.launch,0,0,0,0,0,0,0,0,0,0,0,0,0,0,0,0
kobuki/kobuki_auto_docking/launch/minimal.launch,1,1,1,0,0,0,0,1,1,1,0,1,1,0,0,0
universal_robot/ur3_moveit_config/launch/demo.launch,0,0,0,0,0,0,0,0,0,1,1,0,0,1,0,1
rbcar_common/rbcar_navigation/launch/move_base_teb.launch,1,0,0,0,0,0,1,0,0,1,0,0,1,0,0,0
agvs/agvs_complete/launch/amcl_diff_2.launch,0,0,0,0,0,0,0,0,0,0,0,0,0,0,0,0
capabilities/test/unit/discovery_workspaces/minimal/minimal_pkg/providers/launch/minimal.launch,0,0,0,0,0,0,0,0,0,0,0,0,0,0,0,0
ar_track_alvar/launch/pr2_bundle.launch,0,0,0,0,0,0,0,0,0,0,0,0,0,1,0,0
universal_robot/ur5_moveit_config/launch/setup_assistant.launch,0,0,0,0,0,0,0,0,0,0,0,0,0,1,0,0
summit_x_sim/summit_x_robot_control/launch/summit_x_robot_control.launch,1,1,1,1,0,1,1,1,1,1,0,0,0,0,0,0
sr_vision/sr_object_tracking/launch/tracking.launch,0,0,0,0,0,0,0,0,0,0,0,0,0,1,0,1
turtlebot/turtlebot_capabilities/providers/launch/depthimage_to_laserscan.launch,0,0,0,0,0,0,0,0,0,0,0,0,0,0,0,0
rocon_app_platform/rocon_apps/chirp_apps/angry_cat/angry_cat_chirp.launch,0,0,0,0,0,0,0,0,0,0,0,0,0,0,0,0
sr_core/sr_hand/launch/advanced/sr_arm_CAN_standalone.launch,1,1,1,1,0,0,1,1,1,0,1,0,1,0,1,1
rocon_app_platform/rocon_app_utilities/tests/test_rapps/rapp/inherity/from_meta/parent.launch,0,0,0,0,0,0,0,0,0,0,0,0,0,1,0,0
turtlebot_apps/turtlebot_navigation/laser/move_base_laser.launch,1,1,1,0,0,0,1,1,1,1,0,0,0,0,0,0
rocon_app_platform/rocon_apps/chirp_apps/moo/moo_chirp.launch,0,0,0,0,0,0,0,0,0,0,0,0,0,0,0,0
universal_robot/ur_bringup/launch/ur10_bringup_joint_limited.launch,0,0,0,0,0,0,0,0,0,0,1,0,0,1,0,1
motoman/motoman_sia10d_support/launch/test_sia10d.launch,1,1,1,1,1,1,0,1,1,0,1,0,0,0,0,1
motoman/motoman_sia5d_support/launch/robot_interface_streaming_sia5d.launch,1,1,1,1,1,1,0,1,1,1,0,0,0,1,0,0
turtlebot_interactions/turtlebot_rviz_launchers/launch/view_teleop_navigation.launch,1,1,1,0,0,0,0,1,1,0,0,0,1,0,0,0
ros_canopen/socketcan_bridge/test/vcan0_to_vcan1.launch,1,0,0,0,0,0,0,1,1,0,0,0,1,0,0,0
rocon_app_platform/rocon_app_utilities/tests/test_rapps/indexer/invalid/invalid_child.launch,0,0,0,0,0,0,0,0,0,0,0,0,0,1,0,0
rb1_common/rb1_jaco_3fg_moveit_config/launch/demo.launch,0,0,0,0,0,0,0,0,0,1,0,0,0,1,0,1
cob_robots/cob_bringup/tools/dashboard.launch,0,0,0,0,0,0,0,0,0,1,0,0,0,1,1,0
motoman/motoman_sda10f_support/launch/robot_state_visualize_sda10f.launch,1,1,1,1,1,1,0,1,1,1,1,0,0,1,0,1
summit_sim/summit_purepursuit/launch/purepursuit.launch,0,0,0,0,0,0,0,0,0,0,0,0,0,0,0,0
cob_perception_common/cob_image_flip/ros/launch/image_flip_nodelet.launch,1,0,1,0,0,0,0,1,1,1,0,1,1,1,0,0
turtlebot_apps/turtlebot_actions/launch/client_fiducial_test.launch,1,0,0,0,0,0,1,0,1,0,0,0,0,0,0,0
sr_vision/sr_extrinsic_calibration/launch/print_camera_tf.launch,0,0,0,0,0,0,0,0,0,0,0,0,1,1,0,1
summit_sim/summit_purepursuit/launch/purepursuit_marker.launch,0,0,0,0,0,0,0,0,0,0,0,0,0,0,0,0
sr_core/sr_hand/launch/demo/hand_demo_view.launch,1,1,1,1,0,0,1,1,1,1,1,0,0,1,1,1
sr-ronex/sr_ronex_launch/launch/sr_ronex_ros_control_robot.launch,0,1,0,0,1,0,0,1,1,0,1,0,0,1,1,1
aubo_robot/aubo_i5_moveit_config/launch/setup_assistant.launch,0,0,0,0,0,0,0,0,0,0,0,0,0,1,0,0
capabilities/test/unit/discovery_workspaces/dependent_capabilities/navigation_capability/providers/launch/faux_navigation.launch,0,0,0,0,0,0,0,0,0,0,0,0,0,0,0,0
grizzly/grizzly_teleop/launch/ps3nav_teleop.launch,0,0,0,0,0,0,0,0,0,0,0,0,1,1,0,0
robotnik_purepursuit_planner/robotnik_pp_planner/launch/purepursuit.launch,0,0,0,0,0,0,0,0,0,0,0,0,0,0,0,0
kobuki/kobuki_node/launch/test_get_yaw.launch,1,0,0,0,0,0,1,1,1,0,0,0,1,0,0,0
rocon_app_platform/rocon_app_utilities/tests/test_rapps/indexer/compat/turtlebot_teleop.launch,0,0,0,0,0,0,0,0,0,0,0,0,0,1,0,0
turtlebot_arm/turtlebot_arm_moveit_config/launch/demo.launch,0,0,0,0,0,0,0,0,0,1,1,0,0,1,0,1
cob_robots/cob_bringup/robots/cob4-10.launch,1,1,1,1,0,1,1,1,1,1,1,1,1,1,1,1
yujin_ocs/yocs_waypoints_navi/launch/waypoints_navi.launch,1,0,0,0,0,0,1,1,1,0,0,0,0,1,0,0
turtlebot_arm/turtlebot_arm_kinect_calibration/launch/calibrate.launch,1,0,0,0,0,0,1,1,1,0,0,0,1,0,0,0
rbcar_common/rbcar_pad/launch/rbcar_pad.launch,0,0,0,0,0,0,0,0,0,1,0,0,0,0,0,0
turtlebot_apps/turtlebot_actions/launch/server_turtlebot_move.launch,1,0,0,0,0,0,1,0,1,0,0,0,1,0,0,0
turtlebot_apps/turtlebot_rapps/rapps/map_manager/map_manager.launch,0,0,0,0,0,0,0,0,0,0,0,0,0,1,0,0
turtlebot_apps/turtlebot_navigation/launch/amcl_demo.launch,1,1,1,0,0,0,1,1,1,1,0,1,1,1,1,1
turtlebot_apps/turtlebot_rapps/rapps/ps3_teleop/ps3_teleop.launch,1,1,1,0,0,0,0,1,1,1,0,1,1,0,0,1
turtlebot_arm/turtlebot_arm_moveit_config/launch/turtlebot_arm_moveit.launch,0,0,0,0,0,0,0,0,0,1,1,0,0,1,0,1
rocon_app_platform/rocon_apps/apps/listener/listener.launch,0,0,0,0,0,0,0,0,0,0,0,0,0,0,0,0
sr_tools/sr_movements/launch/sr_movements_example.launch,1,1,1,1,0,0,1,1,1,0,0,0,1,0,0,0
motoman/motoman_mh5_support/launch/test_mh5.launch,1,1,1,1,1,1,0,1,1,0,1,0,0,0,0,1
yujin_ocs/yocs_localization_manager/launch/ar_pair_tracker.launch,1,1,0,0,0,0,1,1,1,0,0,0,1,1,0,0
cob_robots/cob_bringup/robots/cob4-2.launch,1,1,1,1,0,1,1,1,1,1,1,1,1,1,1,1
kobuki/kobuki_safety_controller/launch/standalone.launch,1,0,0,0,0,0,1,1,1,0,0,1,1,0,0,0
yujin_ocs/yocs_ar_pair_approach/launch/machinery.launch,1,1,0,0,0,0,0,1,1,0,0,1,1,1,0,1
kobuki_desktop/kobuki_rviz_launchers/launch/view_robot.launch,0,0,0,0,0,0,0,0,0,0,0,0,0,0,0,0
kobuki/kobuki_bumper2pc/launch/standalone.launch,1,0,0,0,0,0,0,1,1,0,0,1,1,0,0,0
motoman/motoman_sia5d_support/launch/test_sia5d.launch,1,1,1,1,1,1,0,1,1,0,1,0,0,0,0,1
rocon_app_platform/rocon_app_utilities/tests/test_rapps/indexer/multi_children/parent.launch,0,0,0,0,0,0,0,0,0,0,0,0,0,1,0,0
ar_track_alvar/launch/pr2_indiv.launch,0,0,0,0,0,0,0,0,0,0,0,0,1,1,0,0
guardian_sim/guardian_joystick/launch/guardian_joystick.launch,0,0,0,0,0,0,0,0,0,1,0,0,0,0,0,0
rocon_app_platform/rocon_app_utilities/tests/test_rapps/indexer/multi_children/child2.launch,0,0,0,0,0,0,0,0,0,0,0,0,0,1,0,0
yujin_ocs/yocs_cmd_vel_mux/launch/reconfigure.launch,1,1,1,0,0,0,0,1,1,0,0,0,0,0,0,0
guardian_robot/guardian_node/launch/guardian_roboteq.launch,1,0,1,1,0,1,1,1,1,1,0,0,0,0,0,0
robotiq/robotiq_c_model_control/launch/c_model_ethercat.launch,1,0,0,0,0,0,1,1,1,0,0,0,1,1,0,0
grizzly_robot/grizzly_bringup/launch/payloads/ptu46_actions.launch,0,0,0,0,0,0,0,0,0,0,0,0,1,0,0,0
kobuki/kobuki_random_walker/launch/safe_random_walker_app.launch,1,1,1,0,0,0,1,1,1,0,0,1,1,0,0,0
kobuki/kobuki_capabilities/providers/launch/kobuki_bringup.launch,1,1,1,0,0,0,0,1,1,1,0,1,0,1,0,0
agvs/agvs_complete/launch/amcl_diff.launch,0,0,0,0,0,0,0,0,0,0,0,0,0,0,0,0
yujin_ocs/yocs_ar_pair_tracking/launch/client.launch,1,1,0,0,0,0,1,1,1,0,0,0,1,0,0,0
rb1_base_common/rb1_base_kinova_j2n6a300_moveit_config/launch/joystick_control.launch,0,0,0,0,0,0,0,0,0,0,0,0,0,1,0,0
cob_simulation/cob_gazebo_worlds/launch/world_joint_state_publisher.launch,0,0,0,0,0,0,0,0,0,0,0,0,0,0,0,0
sr_interface/sr_moveit_hand_config/launch/run_benchmark_ompl.launch,0,0,0,0,0,0,0,0,0,1,1,0,0,1,0,1
rb1_common/rb1_jaco_3fg_moveit_config/launch/run_benchmark_ompl.launch,0,0,0,0,0,0,0,0,0,1,0,0,0,1,0,1
cob_command_tools/cob_teleop/ros/launch/teleop_keyboard.launch,1,0,0,0,0,0,1,0,1,0,0,0,1,1,0,0
rb1_common/rb1_torso_pad/launch/rb1_torso_pad.launch,0,0,0,0,0,0,1,0,0,1,0,0,0,0,0,0
grizzly_robot/grizzly_bringup/launch/core/diagnostics.launch,1,0,0,0,0,0,0,1,1,1,0,0,0,0,0,0
mico_common/mico_moveit_config/launch/setup_assistant.launch,0,0,0,0,0,0,0,0,0,0,0,0,0,1,0,0
aubo_robot/aubo_new_driver/launch/aubo_i5_ros_control.launch,1,0,1,1,0,1,1,1,1,1,1,0,0,1,0,1
rbcar_sim/rbcar_sim_bringup/launch/purepursuit.launch,0,0,0,0,0,0,0,0,0,0,0,0,0,0,0,0
turtlebot_apps/turtlebot_rapps/rapps/xbox360_teleop/xbox360_teleop.launch,1,1,1,0,0,0,0,1,1,1,0,1,1,0,0,1
robotnik_purepursuit_planner/robotnik_pp_planner/launch/purepursuit_marker.launch,0,0,0,0,0,0,0,0,0,0,0,0,0,0,0,0
yujin_ocs/yocs_velocity_smoother/launch/test_translational_smoothing.launch,1,0,0,0,0,0,1,0,1,1,0,1,1,0,0,0
motoman/motoman_sia10f_support/launch/test_sia10f.launch,1,1,1,1,1,1,0,1,1,0,1,0,0,0,0,1
grizzly_robot/grizzly_bringup/launch/payloads/32e_points.launch,0,0,0,0,0,0,0,0,0,0,0,1,0,0,0,0
guardian_sim/guardian_description/launch/gball_description.launch,0,0,0,0,0,0,0,0,0,1,0,0,0,0,0,0
agvs/purepursuit_planner/launch/purepursuit.launch,1,1,1,0,0,0,1,1,1,0,0,0,0,0,0,0
rocon_app_platform/rocon_app_utilities/tests/test_rapps/rapp/inherity/from_child/parent.launch,0,0,0,0,0,0,0,0,0,0,0,0,0,1,0,0
rb1_base_sim/rb1_base_purepursuit/launch/purepursuit.launch,0,0,0,0,0,0,0,0,0,0,0,0,0,0,0,0
universal_robot/ur_gazebo/launch/ur5_joint_limited.launch,0,0,0,0,0,0,0,0,0,1,1,0,0,1,0,1
agvs/agvs_complete/launch/agvs_gmapping.launch,0,0,0,0,0,0,0,0,0,0,0,0,0,0,0,0
motoman/motoman_sda10f_moveit_config/launch/demo.launch,1,1,1,1,1,1,0,1,1,1,1,0,0,1,0,1
rb1_base_common/rb1_base_kinova_j2n6a300_moveit_config/launch/setup_assistant.launch,0,0,0,0,0,0,0,0,0,0,0,0,0,1,0,0
kobuki/kobuki_node/launch/minimal.launch,1,1,1,0,0,0,0,1,1,1,0,1,1,1,0,0
rocon_app_platform/rocon_app_utilities/tests/test_rapps/rapp/inherity/publics/child.launch,0,0,0,0,0,0,0,0,0,0,0,0,0,1,0,0
turtlebot/turtlebot_bringup/launch/concert_client.launch,1,1,1,0,0,0,0,1,1,1,1,1,1,1,1,1
universal_robot/ur3_moveit_config/launch/run_benchmark_ompl.launch,0,0,0,0,0,0,0,0,0,1,1,0,0,1,0,1
capabilities/test/rostest/test_server/dependent_capabilities/navigation_capability/providers/launch/faux_navigation.launch,0,0,0,0,0,0,0,0,0,0,0,0,0,0,0,0
rocon_app_platform/rocon_app_utilities/tests/test_rapps/rapp/inherity/from_child/child.launch,0,0,0,0,0,0,0,0,0,0,0,0,0,1,0,0
robotiq/robotiq_s_model_control/launch/s_model_ethercat.launch,1,0,0,0,0,0,1,1,1,0,0,0,1,1,0,0
sr_interface/sr_multi_moveit/sr_moveit_planner_benchmarking/launch/benchmarking.launch,0,0,0,0,0,0,0,0,0,0,1,0,0,1,0,1
aubo_robot/aubo_i5_moveit_config/launch/run_benchmark_ompl.launch,0,0,0,0,0,0,0,0,0,1,1,0,0,1,0,1
rocon_tools/rocon_interactions/launch/remocon/rviz.launch,0,0,0,0,0,0,0,0,0,0,0,0,0,0,0,0
rocon_app_platform/rocon_app_utilities/tests/test_rapps/rapp/invalid_classification/foo.launch,0,0,0,0,0,0,0,0,0,0,0,0,0,1,0,0
cob_robots/cob_bringup/drivers/ur.launch,1,1,1,1,0,1,1,1,1,1,0,0,1,1,1,1
agvs/agvs_complete/launch/robot_pose_ekf.launch,0,0,0,0,0,0,0,0,0,0,0,0,1,0,0,0
rb1_common/rb1_mico_3fg_moveit_config/launch/joystick_control.launch,0,0,0,0,0,0,0,0,0,0,0,0,0,1,0,0
sr_core/sr_hand/launch/sr_arm_and_hand.launch,1,1,1,1,0,0,1,1,1,1,1,0,1,1,1,1
rocon_app_platform/rocon_app_utilities/tests/test_rapps/rapp/inherity/full/parent.launch,0,0,0,0,0,0,0,0,0,0,0,0,0,1,0,0
yujin_ocs/yocs_ar_pair_tracking/launch/server.launch,1,1,0,0,0,0,0,1,1,0,0,0,1,1,0,1
sr_interface/sr_multi_moveit/sr_multi_moveit_config/launch/setup_assistant.launch,0,0,0,0,0,0,0,0,0,0,0,0,0,1,0,0
agvs/agvs_complete/launch/map_server.launch,0,0,0,0,0,0,0,0,0,0,0,0,0,0,0,0
summit_xl_sim/summit_xl_sim_bringup/launch/summit_xl_omni_complete.launch,1,1,1,1,0,1,1,1,1,1,1,0,1,1,0,1
turtlebot_interactions/turtlebot_rviz_launchers/launch/view_robot.launch,1,1,1,0,0,0,0,1,1,0,0,0,0,0,0,0
cob_perception_common/cob_image_flip/ros/launch/image_flip.launch,1,0,1,0,0,0,0,1,1,1,0,0,1,1,0,0
aubo_robot/aubo_trajectory/trajectory_gen/launch/trajectory_gen.launch,1,0,0,0,0,0,1,1,0,1,1,0,0,1,0,1
rbcar_sim/rbcar_sim_bringup/launch/rbcar_complete_gs.launch,1,1,0,1,0,1,1,1,1,1,1,0,1,1,0,1
guardian_robot/guardian_complete/launch/gwam_teleop_joint.launch,0,0,0,0,0,0,1,0,0,1,0,0,0,0,0,1
rocon_app_platform/rocon_app_utilities/tests/test_rapps/rapp/inherity/icon_and_publics/child.launch,0,0,0,0,0,0,0,0,0,0,0,0,0,1,0,0
rocon_app_platform/rocon_app_utilities/tests/test_rapps/indexer/chained/child.launch,0,0,0,0,0,0,0,0,0,0,0,0,0,1,0,0
grizzly_robot/grizzly_bringup/launch/core/gps.launch,0,0,0,0,0,0,0,0,0,0,0,0,0,0,1,0
rocon_tools/rocon_interactions/launch/loading_demo.launch,0,0,0,0,0,0,0,0,0,0,0,0,1,0,0,0
turtlebot_arm/turtlebot_arm_block_manipulation/demo/block_manipulation_moveit.launch,0,0,0,0,0,0,0,0,0,1,1,0,0,1,0,1
sr-ronex/sr_ronex_examples/launch/sr_ronex_read_analog_data.launch,0,1,1,0,0,0,1,1,0,0,0,0,0,0,0,0
sr-ronex/sr_ronex_launch/launch/sr_ronex_spi_sensor.launch,0,1,0,0,1,0,1,1,1,1,1,0,0,1,1,1
turtlebot_apps/turtlebot_rapps/rapps/auto_docking/auto_docking.launch,1,0,0,0,0,0,1,0,0,0,0,1,1,0,0,0
cob_simulation/cob_gazebo_objects/launch/spawn_object_urdf.launch,0,0,0,0,0,0,0,0,0,1,0,0,0,1,0,0
kobuki/kobuki_auto_docking/launch/activate.launch,1,0,0,0,0,0,1,0,0,0,0,0,0,0,0,0
universal_robot/ur5_moveit_config/launch/run_benchmark_ompl.launch,0,0,0,0,0,0,0,0,0,1,1,0,0,1,0,1
motoman/motoman_sia10d_support/launch/robot_interface_streaming_sia10d.launch,1,1,1,1,1,1,0,1,1,1,0,0,0,1,0,0
agvs/agvs_complete/launch/agvs_hector_mapping.launch,0,0,0,0,0,0,0,0,0,0,0,0,0,1,0,0
rb1_common/rb1_mico_3fg_moveit_config/launch/setup_assistant.launch,0,0,0,0,0,0,0,0,0,0,0,0,0,1,0,0
mico_common/mico_moveit_config/launch/run_benchmark_ompl.launch,0,0,0,0,0,0,0,0,0,1,1,0,0,1,0,1
capabilities/launch/demo.launch,0,0,0,0,0,0,0,0,0,0,0,0,0,1,0,0
guardian_sim/guardian_robot_control/launch/gball_robot_control.launch,1,1,0,1,0,1,1,1,1,1,0,0,0,0,0,0
rocon_app_platform/rocon_app_utilities/tests/test_rapps/indexer/multi_children/child1.launch,0,0,0,0,0,0,0,0,0,0,0,0,0,1,0,0
rb1_sim/rb1_torso_control/launch/rb1_torso_control.launch,0,0,0,0,0,0,0,0,0,1,0,0,1,0,0,0
rbcar_sim/rbcar_sim_bringup/launch/rbcar_complete.launch,1,1,0,1,0,1,0,1,1,1,1,0,1,1,0,1
rb1_sim/rb1_sim_bringup/launch/gazebo_moveit_trajectory.launch,0,0,0,0,0,0,0,0,0,1,1,0,1,1,0,1
summit_xl_sim/summit_xl_robot_control/launch/summit_xl_robot_control_vrep.launch,1,1,1,1,0,1,1,1,1,1,0,0,0,0,0,0
kobuki/kobuki_auto_docking/launch/auto_dock_with_safe_keyop.launch,1,1,1,0,0,0,1,1,1,1,0,1,1,0,0,0
ros_canopen/canopen_chain_node/launch/chain.launch,0,0,0,1,0,1,0,0,1,1,0,0,0,1,0,0
sr_interface/sr_robot_launch/launch/sr_left_ur10arm_hand.launch,1,1,1,1,0,1,0,1,1,1,1,0,0,1,1,1
cob_control/cob_model_identifier/launch/model_identification.launch,0,0,0,0,0,0,0,0,0,0,0,0,0,0,0,0
kobuki/kobuki_keyop/launch/safe_keyop.launch,1,1,1,0,0,0,1,1,1,1,0,1,1,0,0,0
rb1_sim/rb1_sim_bringup/launch/gazebo_set_position.launch,0,0,0,0,0,0,0,0,0,0,0,0,0,0,0,0
kobuki/kobuki_capabilities/launch/app_manager_with_capabilities.launch,1,1,1,0,0,0,0,1,1,1,0,0,1,1,1,1
motoman/motoman_sia20d_moveit_config/launch/demo.launch,1,1,1,1,1,1,0,1,1,1,0,0,0,1,0,1
motoman/motoman_sda10f_moveit_config/launch/setup_assistant.launch,0,0,0,0,0,0,0,0,0,0,0,0,0,1,0,0
grizzly_robot/grizzly_bringup/launch/core/description.launch,0,0,0,0,0,0,0,0,0,1,0,0,0,1,1,0
grizzly_robot/grizzly_bringup/launch/payloads/bumblebee.launch,0,0,0,0,0,0,0,0,0,0,0,0,0,0,0,0
guardian_robot/guardian_node/launch/guardian_pose_ekf.launch,0,0,0,0,0,0,0,0,0,0,0,0,1,0,0,0
rocon_app_platform/rocon_app_utilities/tests/test_rapps/rapp/inherity/publics/parent.launch,0,0,0,0,0,0,0,0,0,0,0,0,0,1,0,0
motoman/motoman_driver/launch/robot_state_fs100.launch,1,1,1,1,1,1,0,1,1,0,0,0,0,1,0,1
motoman/motoman_sda10f_support/launch/test_sda10f.launch,1,1,1,1,1,1,0,1,1,0,1,0,0,0,0,1
turtlebot_apps/turtlebot_rapps/rapps/video_teleop/video_teleop.launch,1,1,1,0,0,0,0,1,1,1,0,1,1,1,1,1
aubo_robot/aubo_new_driver/launch/aubo_i5_bringup.launch,1,0,1,1,0,1,1,1,1,0,1,0,0,1,0,1
cob_robots/cob_bringup/robots/cob4-5.launch,1,1,1,1,0,1,1,1,1,1,1,1,1,1,1,1
cob_robots/cob_bringup/robots/cob4-3.launch,1,1,1,1,0,1,1,1,1,1,1,0,1,1,1,1
capabilities/test/unit/discovery_workspaces/minimal/minimal_pkg/providers/launch/slow_to_die.launch,0,0,0,0,0,0,0,0,0,0,0,0,0,0,0,0
cob_robots/cob_bringup/robots/raw3-1.launch,1,1,1,1,0,1,1,1,1,1,1,0,1,1,1,1
guardian_robot/guardian_complete/launch/gwam_teleop.launch,0,0,0,0,0,0,1,0,0,1,0,0,0,0,0,1
sr_interface/sr_robot_launch/launch/sr_left_ur5arm_hand.launch,1,1,1,1,0,1,0,1,1,1,1,0,0,1,1,1
rb1_base_sim/rb1_base_2dnav/launch/navigation_amcl/move_base_amcl_teb.launch,0,0,0,0,0,0,0,0,0,1,0,0,1,0,0,1
guardian_robot/guardian_complete/launch/robot_localization_odom.launch,0,0,0,0,0,0,0,0,0,0,0,0,1,0,0,0
sr_core/sr_tactile_sensors/launch/sr_tactile_virtual.launch,0,0,0,0,0,0,0,0,0,1,0,0,0,0,0,0
yujin_ocs/yocs_safety_controller/launch/standalone.launch,1,0,0,0,0,0,1,0,0,0,0,1,1,1,0,1
cob_perception_common/cob_object_detection_visualizer/ros/launch/object_detection_visualizer.launch,0,0,0,0,0,0,0,0,0,0,0,0,1,0,0,0
turtlebot/turtlebot_teleop/launch/keyboard_teleop.launch,0,0,0,0,0,0,0,0,0,0,0,0,1,0,0,0
guardian_robot/guardian_navigation/navigation_amcl/amcl_guardian.launch,0,0,0,0,0,0,0,0,0,0,0,0,1,0,0,0
guardian_robot/guardian_navigation/navigation_local/move_base_local.launch,0,0,0,0,0,0,0,0,0,1,0,0,1,0,0,0
mico_common/mico_pad/launch/mico_pad.launch,0,0,0,0,0,0,0,0,0,1,0,0,0,0,0,0
turtlebot_simulator/turtlebot_gazebo/launch/amcl_demo.launch,1,1,1,0,0,0,1,1,1,1,0,1,1,1,1,1
cob_robots/cob_bringup/tools/rviz.launch,1,0,0,1,0,0,0,1,1,0,0,0,0,1,1,0
sr_core/sr_hand/launch/advanced/srh_etherCAT_standalone.launch,1,1,1,1,0,0,1,1,1,0,1,0,1,1,1,1
sr_core/sr_tactile_sensors/launch/sr_tactile.launch,0,0,0,0,0,0,0,0,0,1,0,0,0,0,0,0
turtlebot/turtlebot_capabilities/providers/launch/turtlebot2_bringup.launch,1,1,1,0,0,0,0,1,1,0,0,0,0,1,1,1
motoman/motoman_driver/launch/robot_state_dx100.launch,1,1,1,1,1,1,0,1,1,0,0,0,0,1,0,1
guardian_robot/guardian_navigation/navigation_slam/move_base_slam.launch,0,0,0,0,0,0,0,0,0,1,0,0,1,0,0,1
capabilities/test/rostest/test_server/dependent_capabilities/differential_mobile_base_capability/providers/launch/faux_differential_mobile_base.launch,0,0,0,0,0,0,0,0,0,0,0,0,0,0,0,0
universal_robot/ur_gazebo/launch/ur3_joint_limited.launch,0,0,0,0,0,0,0,0,0,1,1,0,0,1,0,1
yujin_ocs/yocs_localization_manager/launch/localization_manager.launch,0,0,0,0,0,0,0,0,0,0,0,0,1,1,0,1
yujin_ocs/yocs_waypoint_provider/launch/provider.launch,1,0,0,1,0,1,0,1,0,0,0,0,0,1,0,0
universal_robot/ur3_moveit_config/launch/setup_assistant.launch,0,0,0,0,0,0,0,0,0,0,0,0,0,1,0,0
rbcar_sim/rbcar_sim_bringup/launch/ekf_nodes.launch,0,0,0,0,0,0,0,0,0,0,0,0,1,0,0,0
cob_robots/cob_bringup/robots/cob4-4.launch,1,1,1,1,0,1,1,1,1,1,1,0,1,1,1,1
turtlebot_interactions/turtlebot_dashboard/launch/turtlebot_dashboard.launch,0,0,0,0,0,0,0,0,0,0,0,0,0,0,1,1
sr_interface/sr_multi_moveit/sr_multi_moveit_test/test/test_iksolver_ur10.launch,0,0,0,0,0,0,0,0,0,0,1,0,0,1,0,1
turtlebot_apps/turtlebot_rapps/rapps/3dsensor/3dsensor.launch,1,1,1,0,0,0,0,1,1,0,0,1,1,1,1,1
motoman/motoman_sda10f_moveit_config/launch/run_benchmark_ompl.launch,1,1,1,1,1,1,0,1,1,1,1,0,0,1,0,1
motoman/motoman_sia20d_moveit_config/launch/run_benchmark_ompl.launch,1,1,1,1,1,1,0,1,1,1,0,0,0,1,0,1
sr_vision/sr_point_cloud/launch/camera_transform.launch,0,0,0,0,0,0,0,0,0,0,0,0,1,1,0,1
rb1_base_sim/rb1_base_2dnav/launch/navigation_amcl/move_base_amcl.launch,0,0,0,0,0,0,0,0,0,1,0,0,1,0,0,1
guardian_robot/guardian_navigation/navigation_config/move_base.launch,0,0,0,0,0,0,0,0,0,1,0,0,1,0,0,0
sr_interface/sr_robot_launch/launch/trajectory_services.launch,0,0,0,0,0,0,0,0,0,1,0,0,0,1,0,0
rbcar_common/rbcar_navigation/launch/navigation_amcl/move_base_amcl_teb.launch,1,0,0,0,0,0,1,0,0,1,0,0,1,0,0,1
rb1_common/rb1_jaco_3fg_moveit_config/launch/setup_assistant.launch,0,0,0,0,0,0,0,0,0,0,0,0,0,1,0,0
turtlebot_interactions/turtlebot_interactive_markers/launch/interactive_markers.launch,1,1,1,0,0,0,0,1,1,1,0,1,1,0,0,0
yujin_ocs/yocs_diff_drive_pose_controller/launch/kobuki_pose_control.launch,1,1,1,0,0,0,1,1,1,1,1,1,1,1,0,1
aubo_robot/aubo_driver/launch/aubo_i5_moveit.launch,0,0,0,0,0,0,0,0,0,0,1,0,0,1,0,1
rb1_common/rb1_jaco_3fg_moveit_config/launch/demo_rtc.launch,0,0,0,0,0,0,0,0,0,1,0,0,0,1,0,1
universal_robot/ur3_moveit_config/launch/joystick_control.launch,0,0,0,0,0,0,0,0,0,0,0,0,0,1,0,0
cob_robots/cob_bringup/tools/collision_monitor.launch,0,0,0,0,0,0,0,0,0,0,0,0,1,0,0,0
grizzly/grizzly_teleop/launch/incremental_teleop.launch,0,0,0,0,0,0,0,0,0,0,0,0,1,1,0,0
cob_driver/cob_voltage_control/ros/launch/csv_processing.launch,1,0,0,1,0,0,0,1,1,1,0,0,0,1,0,0
yujin_ocs/yocs_virtual_sensor/launch/standalone.launch,1,0,0,0,0,0,1,1,1,0,0,0,0,0,0,0
grizzly_robot/grizzly_bringup/launch/payloads/lms1xx.launch,0,0,0,0,0,0,0,0,0,0,0,0,0,0,0,0
turtlebot/turtlebot_bringup/launch/minimal.launch,1,1,1,0,0,0,0,1,1,1,1,1,1,1,1,1
universal_robot/ur10_moveit_config/launch/ur10_moveit_planning_execution.launch,0,0,0,0,0,0,0,0,0,1,1,0,1,1,0,1
turtlebot_apps/turtlebot_actions/launch/server_find_fudicial.launch,1,1,1,0,0,0,0,1,1,0,0,0,1,1,1,1
sr_vision/sr_object_tracking/launch/calibration.launch,0,0,0,0,0,0,0,0,0,0,0,0,0,1,0,1
motoman/motoman_sia20d_support/launch/test_sia20d.launch,1,1,1,1,1,1,0,1,1,0,1,0,0,0,0,1
rb1_base_common/rb1_base_kinova_j2n6a300_moveit_config/launch/demo.launch,0,0,0,0,0,0,0,0,0,1,1,0,0,1,0,1
turtlebot_apps/turtlebot_calibration/launch/calibrate.launch,1,1,1,0,0,0,0,1,1,0,0,1,1,1,1,1
turtlebot_interactions/turtlebot_rviz_launchers/launch/view_navigation_app.launch,1,1,1,0,0,0,0,1,1,0,0,0,0,0,0,0
universal_robot/ur5_moveit_config/launch/ur5_moveit_planning_execution.launch,0,0,0,0,0,0,0,0,0,1,1,0,1,1,0,1
robot_localization_utils/launch/robot_localization_complete.launch,1,1,0,0,0,0,1,0,1,0,0,0,1,1,0,1
sr-ronex/sr_ronex_launch/launch/sr_ronex.launch,0,1,0,0,1,0,0,1,1,0,1,0,0,1,1,1
sr_core/sr_hand/launch/advanced/srh_etherCAT_noTF.launch,1,1,1,1,0,0,0,1,1,0,1,0,1,1,1,1
universal_robot/ur10_moveit_config/launch/setup_assistant.launch,0,0,0,0,0,0,0,0,0,0,0,0,0,1,0,0
cob_driver/cob_voltage_control/ros/launch/record_current_and_voltage.launch,1,0,0,0,0,0,1,1,1,0,0,0,0,1,0,0
rocon_app_platform/rocon_apps/chirp_apps/meow/meow_chirp.launch,0,0,0,0,0,0,0,0,0,0,0,0,0,0,0,0
cob_robots/cob_bringup/robots/raw3-3.launch,1,1,1,1,0,1,1,1,1,1,1,0,1,1,1,1
capabilities/test/unit/discovery_workspaces/remapping_examples/robot_base_pkg/providers/launch/robot_base.launch,0,0,0,0,0,0,0,0,0,0,0,0,0,0,0,0
rocon_app_platform/rocon_apps/apps/talker/talker.launch,0,0,0,0,0,0,0,0,0,0,0,0,0,1,0,0
kobuki/kobuki_auto_docking/launch/compact.launch,1,1,1,0,0,0,0,1,1,1,0,1,1,0,0,0
turtlebot/turtlebot_capabilities/providers/launch/robot_state_publisher.launch,1,1,1,0,0,0,0,1,1,0,1,0,1,1,1,1
guardian_robot/guardian_node/launch/guardian_ax.launch,1,0,1,1,0,1,1,1,1,1,0,0,0,0,0,0
ar_track_alvar/launch/pr2_train.launch,0,0,0,0,0,0,0,0,0,0,0,0,0,1,0,0
mico_common/mico_moveit_config/launch/demo_fjt.launch,0,0,0,0,0,0,0,0,0,1,1,0,0,1,0,1
motoman/motoman_sia20d_moveit_config/launch/moveit_planning_execution.launch,1,1,1,1,1,1,0,1,1,1,0,0,0,1,0,1
universal_robot/ur_bringup/launch/ur5_bringup_joint_limited.launch,0,0,0,0,0,0,0,0,0,0,1,0,0,1,0,1
turtlebot_arm/turtlebot_arm_moveit_config/launch/run_benchmark_ompl.launch,0,0,0,0,0,0,0,0,0,1,1,0,0,1,0,1
robotiq/robotiq_action_server/launch/robotiq_c_model_action_server.launch,1,0,0,0,0,0,0,1,1,0,0,0,1,1,0,0
sr_core/sr_hand/launch/srh.launch,1,1,1,1,0,0,1,1,1,1,1,0,1,1,1,1
motoman/motoman_mh5_support/launch/robot_interface_streaming_mh5.launch,1,1,1,1,1,1,0,1,1,1,0,0,0,1,0,0
motoman/motoman_driver/launch/robot_multigroup_interface_streaming_dx100.launch,1,1,1,1,1,1,0,1,1,0,0,0,0,1,0,1
grizzly/grizzly_teleop/launch/teleop.launch,0,0,0,0,0,0,0,0,0,0,0,0,1,1,0,0
motoman/motoman_driver/launch/robot_interface_streaming_dx100.launch,1,1,1,1,1,1,0,1,1,0,0,0,0,1,0,1
universal_robot/ur3_moveit_config/launch/ur3_moveit_planning_execution.launch,0,0,0,0,0,0,0,0,0,1,1,0,1,1,0,1
motoman/motoman_sia20d_moveit_config/launch/setup_assistant.launch,0,0,0,0,0,0,0,0,0,0,0,0,0,1,0,0
ar_track_alvar/launch/pr2_bundle_no_kinect.launch,0,0,0,0,0,0,0,0,0,0,0,0,0,1,0,0
guardian_sim/guardian_robot_control/launch/guardian_robot_control.launch,1,1,0,1,0,1,1,1,1,1,0,0,0,0,0,0
shadow_robot_ethercat/sr_edc_controller_configuration/sr_edc_controller_manager.launch,0,0,0,0,0,0,1,0,1,1,0,0,0,0,0,1
rocon_app_platform/rocon_app_utilities/tests/test_rapps/indexer/chained/ancestor.launch,0,0,0,0,0,0,0,0,0,0,0,0,0,1,0,0
rocon_app_platform/rocon_app_utilities/tests/test_rapps/rapp/inherity/full/child.launch,0,0,0,0,0,0,0,0,0,0,0,0,0,1,0,0
cob_robots/cob_bringup/tools/teleop_spacenav_twist.launch,1,0,0,0,0,0,0,0,1,0,0,0,0,1,0,0
grizzly_robot/grizzly_bringup/launch/payloads/lms5xx.launch,0,0,0,0,0,0,0,0,0,0,0,0,0,0,0,0
industrial_core/industrial_robot_client/launch/robot_interface_streaming.launch,1,0,0,1,0,1,0,1,1,0,0,0,0,1,0,0
turtlebot_interactions/turtlebot_rviz_launchers/launch/view_model.launch,1,1,1,0,0,0,1,1,1,1,1,0,0,1,1,1
motoman/motoman_sia5d_support/launch/robot_state_visualize_sia5d.launch,1,1,1,1,1,1,0,1,1,1,1,0,0,1,0,1
turtlebot_apps/turtlebot_navigation/launch/gmapping_demo.launch,1,1,1,0,0,0,1,1,1,1,0,1,1,1,1,1
sr_interface/sr_robot_commander/test/test_hand_commander_launch.launch,0,0,0,0,0,0,0,0,0,0,0,0,0,0,0,0
universal_robot/ur_gazebo/launch/ur10_joint_limited.launch,0,0,0,0,0,0,0,0,0,1,1,0,0,1,0,1
rocon_app_platform/rocon_app_utilities/tests/test_rapps/indexer/cyclic/child.launch,0,0,0,0,0,0,0,0,0,0,0,0,0,1,0,0
sr-demo/sr_graspatron/launch/demo.launch,1,1,1,1,0,1,0,1,1,1,1,0,1,1,1,1
cob_robots/cob_bringup/robots/cob4-6.launch,1,1,1,1,0,1,1,1,1,1,1,0,1,1,1,1
yujin_ocs/yocs_keyop/launch/keyop.launch,1,0,0,0,0,0,1,0,1,0,0,0,1,1,0,0
yujin_ocs/yocs_ar_pair_approach/launch/approach.launch,0,0,0,0,0,0,0,0,0,0,0,0,1,0,0,0
rocon_app_platform/rocon_app_utilities/tests/test_rapps/rapp/inherity/from_meta/child.launch,0,0,0,0,0,0,0,0,0,0,0,0,0,1,0,0
turtlebot/turtlebot_capabilities/providers/launch/turtlebot_bringup.launch,1,1,1,0,0,0,0,1,1,0,0,0,0,1,1,1
kobuki/kobuki_auto_docking/launch/standalone.launch,1,1,1,0,0,0,0,1,1,1,0,1,1,0,0,0
cob_command_tools/cob_interactive_teleop/launch/interactive_teleop.launch,0,1,0,0,0,0,0,0,1,1,0,0,1,1,0,0
rocon_app_platform/rocon_app_manager/launch/pairing_demo.launch,0,0,0,0,0,0,0,0,0,1,0,0,1,1,0,1
sr_interface/sr_multi_moveit/sr_multi_moveit_test/test/test_iksolver.launch,0,0,0,0,0,0,0,0,0,0,0,0,0,0,0,0
kobuki/kobuki_controller_tutorial/launch/standalone.launch,1,0,0,0,0,0,0,1,0,0,0,1,1,0,0,0
aubo_robot/aubo_i5_moveit_config/launch/aubo_i5_moveit_planning_execution.launch,0,0,0,0,0,0,0,0,0,1,1,0,1,1,0,1
industrial_core/industrial_robot_client/launch/robot_interface_download.launch,1,0,0,1,0,1,0,1,1,0,0,0,0,1,0,0
capabilities/test/rostest/test_server/no_default_provider/no_default_provider_pkg/providers/launch/minimal2.launch,0,0,0,0,0,0,0,0,0,0,0,0,0,0,0,0
sr_vision/sr_point_cloud/launch/triangulator.launch,0,0,0,0,0,0,0,0,0,0,0,0,0,0,0,0
motoman/motoman_sia20d_support/launch/robot_state_visualize_sia20d.launch,1,1,1,1,1,1,0,1,1,1,1,0,0,1,0,1
guardian_robot/guardian_complete/launch/sensors/hokuyo.launch,0,0,0,0,0,0,0,0,0,0,0,0,0,0,0,0
rocon_tools/rocon_interactions/launch/pc_demo.launch,0,0,0,0,0,0,0,0,0,0,0,0,0,1,0,1
kobuki/kobuki_controller_tutorial/launch/bump_blink_app.launch,1,0,0,0,0,0,0,1,0,0,0,1,1,0,0,0
summit_sim/summit_joystick_teleop/launch/summit_joy.launch,0,0,0,0,0,0,0,0,0,1,0,0,0,0,0,0
yujin_ocs/yocs_ar_marker_tracking/launch/tracking.launch,1,0,0,0,0,0,0,1,1,0,0,0,0,0,0,0
capabilities/test/unit/discovery_workspaces/dependent_capabilities/differential_mobile_base_capability/providers/launch/faux_differential_mobile_base.launch,0,0,0,0,0,0,0,0,0,0,0,0,0,0,0,0
kobuki/kobuki_random_walker/launch/standalone.launch,1,0,0,0,0,0,1,1,1,0,0,1,1,0,0,0
yujin_ocs/yocs_joyop/launch/joyop.launch,1,0,0,0,0,0,0,0,1,0,0,0,1,1,0,0
yujin_ocs/yocs_diff_drive_pose_controller/launch/standalone.launch,1,0,0,0,0,0,0,0,1,0,0,1,0,0,0,0
universal_robot/ur10_moveit_config/launch/run_benchmark_ompl.launch,0,0,0,0,0,0,0,0,0,1,1,0,0,1,0,1
sr-ronex/sr_ronex_examples/launch/sr_ronex_parse_parameter_server.launch,0,1,1,0,0,0,1,1,0,0,0,0,0,0,0,0
sr-ronex/sr_ronex_examples/launch/sr_ronex_flash_LED_with_PWM.launch,0,1,1,0,0,0,1,1,0,0,0,0,0,0,0,0
sr_interface/sr_robot_launch/launch/sr_right_ur5arm_hand.launch,1,1,1,1,0,1,0,1,1,1,1,0,0,1,1,1
rocon_app_platform/rocon_app_utilities/tests/test_rapps/indexer/cyclic/parent.launch,0,0,0,0,0,0,0,0,0,0,0,0,0,1,0,0
guardian_robot/guardian_complete/launch/guardian_complete.launch,1,0,1,1,0,1,1,1,1,1,1,0,0,1,0,1
barrett_hand/bhand_controller/launch/bhand_controller.launch,0,0,0,0,0,0,0,0,0,1,0,0,0,0,0,0
schunk_modular_robotics/schunk_simulated_tactile_sensors/ros/launch/simulated_tactile_sensors.launch,0,0,0,0,0,0,0,0,0,0,0,0,1,0,0,0
turtlebot_interactions/turtlebot_rviz_launchers/launch/view_blind_nav.launch,1,1,1,0,0,0,0,1,1,0,0,0,0,0,0,0
rbcar_common/rbcar_navigation/launch/navigation_amcl/move_base_amcl.launch,1,0,0,0,0,0,1,0,0,1,0,0,1,0,0,1
sr_tools/sr_movements/launch/sr_movement_joint_name.launch,1,1,1,1,0,0,1,1,1,0,1,0,0,1,1,1
sr_core/sr_hand/launch/advanced/sr_arm_motor_simple.launch,1,1,1,1,0,0,1,1,1,1,1,0,1,1,1,1
robot_localization_utils/launch/rl_utils.launch,1,1,0,0,0,0,1,0,1,0,0,0,0,0,0,0
agvs/agvs_gazebo/launch/agvs_sim_complete.launch,1,1,0,1,0,1,0,1,1,1,1,0,1,1,0,1
sr_interface/sr_moveit_hand_config/launch/demo.launch,0,0,0,0,0,0,0,0,0,0,1,0,0,1,0,1
rb1_base_sim/rb1_base_2dnav/launch/rb1_base_gmapping.launch,0,0,0,0,0,0,0,0,0,0,0,0,1,0,0,0
rocon_app_platform/rocon_app_utilities/tests/test_rapps/indexer/basic/child.launch,0,0,0,0,0,0,0,0,0,0,0,0,0,1,0,0
rbcar_sim/rbcar_sim_bringup/launch/navsat_transform_node.launch,0,0,0,0,0,0,0,0,0,0,0,0,1,0,0,0
rocon_app_platform/rocon_apps/chirp_apps/lion/lion_chirp.launch,0,0,0,0,0,0,0,0,0,0,0,0,0,0,0,0
motoman/motoman_driver/launch/robot_interface_streaming_fs100.launch,1,1,1,1,1,1,0,1,1,0,0,0,0,1,0,1
yujin_ocs/yocs_cmd_vel_mux/launch/standalone.launch,1,1,1,0,0,0,0,1,1,0,0,1,0,1,0,1
rb1_common/rb1_jaco_3fg_moveit_config/launch/joystick_control.launch,0,0,0,0,0,0,0,0,0,0,0,0,0,1,0,0
summit_x_sim/summit_x_robot_control/launch/summit_xl_robot_control_vrep.launch,1,1,1,1,0,1,1,1,1,1,0,0,0,0,0,0
turtlebot/turtlebot_capabilities/providers/launch/rgbd_sensor.launch,1,1,1,0,0,0,0,1,1,0,0,1,1,1,1,1
rb1_common/rb1_mico_3fg_moveit_config/launch/demo.launch,0,0,0,0,0,0,0,0,0,1,0,0,0,1,0,1
yujin_ocs/yocs_ar_pair_tracking/launch/demo-tracking.launch,1,1,0,0,0,0,0,1,1,0,0,0,1,1,0,1
guardian_robot/guardian_complete/launch/sensors/pixhawk.launch,0,0,0,0,0,0,0,0,0,0,0,0,1,1,0,1
turtlebot_simulator/turtlebot_gazebo/launch/gmapping_demo.launch,1,1,1,0,0,0,1,1,1,0,0,0,1,1,1,1
capabilities/test/rostest/test_server/no_default_provider/no_default_provider_pkg/providers/launch/minimal.launch,0,0,0,0,0,0,0,0,0,0,0,0,0,0,0,0
turtlebot_interactions/turtlebot_rviz_launchers/launch/view_navigation.launch,1,1,1,0,0,0,0,1,1,0,0,0,0,0,0,0
kobuki_desktop/kobuki_gazebo/launch/apps/safe_random_walker_app.launch,1,1,1,0,0,0,1,1,1,0,0,1,1,0,0,0
universal_robot/ur5_moveit_config/launch/demo.launch,0,0,0,0,0,0,0,0,0,1,1,0,0,1,0,1
aubo_robot/aubo_i5_moveit_config/launch/joystick_control.launch,0,0,0,0,0,0,0,0,0,0,0,0,0,1,0,0
turtlebot_apps/turtlebot_actions/launch/client_move_test.launch,1,0,0,0,0,0,1,0,1,0,0,0,0,0,0,0
guardian_robot/guardian_complete/launch/test_hokuyo.launch,0,0,0,0,0,0,0,0,0,0,0,0,0,0,0,0
rb1_base_sim/rb1_base_purepursuit/launch/purepursuit_marker.launch,0,0,0,0,0,0,0,0,0,0,0,0,0,0,0,0
sr_interface/sr_moveit_hand_config/launch/setup_assistant.launch,0,0,0,0,0,0,0,0,0,0,0,0,0,1,0,0
sr_interface/sr_moveit_hand_config/launch/move_group.launch,0,0,0,0,0,0,0,0,0,1,0,0,0,1,0,1
kobuki/kobuki_testsuite/launch/gyro_perf.launch,0,0,0,0,0,0,0,0,0,0,0,0,1,0,0,0
cob_robots/cob_bringup/robots/raw3-5.launch,1,1,1,1,0,1,1,1,1,1,1,0,1,1,1,1
sr_core/sr_hand/launch/gazebo/loaders/empty_world.launch,1,1,1,1,0,0,1,1,1,0,0,0,1,0,1,0
motoman/motoman_sia10f_support/launch/robot_interface_streaming_sia10f.launch,1,1,1,1,1,1,0,1,1,1,0,0,0,1,0,0
agvs/purepursuit_planner/launch/purepursuit_marker.launch,1,1,1,0,0,0,1,1,1,0,0,0,0,0,0,0
rocon_app_platform/rocon_app_utilities/tests/test_rapps/indexer/chained/parent.launch,0,0,0,0,0,0,0,0,0,0,0,0,0,1,0,0
motoman/motoman_mh5_support/launch/robot_state_visualize_mh5.launch,1,1,1,1,1,1,0,1,1,1,1,0,0,1,0,1
yujin_ocs/yocs_velocity_smoother/launch/standalone.launch,1,0,0,0,0,0,1,0,1,1,0,1,1,1,0,1
cob_robots/cob_bringup/robots/cob4-7.launch,1,1,1,1,0,1,1,1,1,1,1,1,1,1,1,1
sr_interface/sr_multi_moveit/sr_multi_moveit_config/launch/move_group.launch,0,0,0,0,0,0,0,0,0,1,0,0,0,1,0,1
sr_core/sr_tactile_sensors/launch/sr_tactile_real.launch,0,0,0,0,0,0,0,0,0,1,0,0,0,0,0,0
roboteq/roboteq_driver/launch/example.launch,1,0,0,0,0,0,0,1,1,0,0,0,0,1,0,0
turtlebot/turtlebot_capabilities/providers/launch/diagnostics.launch,1,1,1,0,0,0,0,1,1,1,0,0,0,1,1,0
rocon_app_platform/rocon_app_utilities/tests/test_rapps/indexer/compat/kobuki_teleop.launch,0,0,0,0,0,0,0,0,0,0,0,0,0,1,0,0
sr_interface/sr_hand_kinematics/hand_kinematics/test/hand_kinematics_plugin_test_launch.launch,0,0,0,0,0,0,0,0,0,1,0,0,0,0,0,0
capabilities/src/capabilities/capability_server_nodelet_manager.launch,0,0,0,0,0,0,0,0,0,0,0,1,0,1,0,0
turtlebot/turtlebot_teleop/launch/logitech.launch,1,1,1,0,0,0,0,1,1,1,0,1,1,0,0,1
universal_robot/ur10_moveit_config/launch/demo.launch,0,0,0,0,0,0,0,0,0,1,1,0,0,1,0,1
rbcar_common/rbcar_navigation/launch/rbcar_gmapping.launch,0,0,0,0,0,0,0,0,0,0,0,0,1,0,0,0
motoman/motoman_driver/launch/robot_multigroup_interface_streaming_fs100.launch,1,1,1,1,1,1,0,1,1,0,0,0,0,1,0,1
universal_robot/ur_bringup/launch/ur3_bringup_joint_limited.launch,0,0,0,0,0,0,0,0,0,0,1,0,0,1,0,1
kobuki/kobuki_node/launch/test_get_odom.launch,1,0,0,0,0,0,1,1,1,0,0,0,1,0,0,0
guardian_sim/guardian_description/launch/gwam_description.launch,0,0,0,0,0,0,0,0,0,1,0,0,0,0,0,0
