Launch File,Arg,Arg Value,Param,ROSParam,Nodes,Unique Nodes,Nodelets,Conditional Nodes,Disabled Nodes,Required Nodes,Respawn Nodes,Remote Nodes,Node Args,Machines,Tests,Packages,Conditional Packages,Remaps,Conditionals,Includes,Repeated Includes,Unknown Includes,Include Args,Env. Sets,Unknown References,Unknown Arg,Unknown Env,File Params,Cmd Params,Env Reads
cob_command_tools/cob_interactive_teleop/launch/interactive_teleop.launch,2,0,0,1,1,1,0,0,0,0,0,0,0,0,0,8,0,1,0,0,0,0,0,0,0,0,0,1,0,0
cob_robots/cob_bringup/robots/raw3-5.launch,69,1,9,23,25,23,0,0,0,0,12,0,3,2,0,176,0,33,6,25,2,0,42,0,0,0,0,22,1,19
turtlebot_simulator/turtlebot_gazebo/launch/gmapping_demo.launch,5,0,32,0,1,1,0,0,0,0,0,0,0,0,0,132,0,1,0,1,0,0,0,0,0,0,0,0,0,1
kobuki/kobuki_node/launch/test_get_odom.launch,0,0,0,0,1,1,0,0,0,0,0,0,0,0,0,1,0,2,0,0,0,0,0,0,0,0,0,0,0,0
yujin_ocs/yocs_cmd_vel_mux/launch/standalone.launch,4,2,1,0,2,1,2,0,0,0,0,0,2,0,0,7,0,0,0,1,0,0,2,0,0,0,0,0,0,0
guardian_robot/guardian_complete/launch/guardian_complete.launch,1,0,13,2,4,4,0,0,0,0,1,0,0,0,0,9,0,0,0,3,0,0,0,0,0,0,0,2,1,0
cob_robots/cob_bringup/tools/wifi_monitor.launch,1,0,4,0,2,2,0,0,0,0,0,0,0,0,0,1,0,0,0,0,0,0,0,0,0,0,1,0,0,1
kobuki/kobuki_random_walker/launch/random_walker_app.launch,0,0,3,0,1,1,1,0,0,0,0,0,1,0,0,2,0,6,0,0,0,0,0,0,0,0,0,0,0,0
aubo_robot/aubo_driver/launch/aubo_i5_bringup.launch,2,0,1,0,4,4,0,0,0,0,0,0,2,0,0,6,0,0,0,1,0,0,0,0,0,1,0,0,1,0
rocon_app_platform/rocon_app_utilities/tests/test_rapps/indexer/cyclic/parent.launch,3,0,2,0,1,1,0,0,0,1,0,0,0,0,0,1,0,0,0,0,0,0,0,0,0,0,0,0,0,0
rocon_app_platform/rocon_app_utilities/tests/test_rapps/indexer/cyclic/child.launch,3,0,2,0,1,1,0,0,0,1,0,0,0,0,0,1,0,0,0,0,0,0,0,0,0,0,0,0,0,0
rb1_common/rb1_mico_3fg_moveit_config/launch/run_benchmark_ompl.launch,6,0,7,4,2,2,0,0,0,0,1,0,1,0,0,22,0,0,1,3,0,0,2,0,0,1,0,6,0,0
aubo_robot/aubo_i5_moveit_config/launch/joystick_control.launch,1,0,4,0,2,2,0,0,0,0,0,0,0,0,0,2,0,0,0,0,0,0,0,0,0,0,0,0,0,0
kobuki/kobuki_controller_tutorial/launch/bump_blink_app.launch,0,0,0,0,1,1,1,0,0,0,0,0,1,0,0,2,0,2,0,0,0,0,0,0,0,0,0,0,0,0
rocon_tools/rocon_interactions/launch/remocon/rviz.launch,0,0,0,0,1,1,0,0,0,0,0,0,1,0,0,30,0,0,0,0,0,0,0,0,0,0,0,0,0,0
ar_track_alvar/launch/pr2_bundle.launch,8,0,0,0,1,1,0,0,0,0,1,0,1,0,0,20,0,0,0,0,0,0,0,0,0,0,0,0,0,0
rbcar_sim/rbcar_sim_bringup/launch/purepursuit.launch,0,0,8,0,1,1,0,0,0,0,0,0,0,0,0,1,0,0,0,0,0,0,0,0,0,0,0,0,0,0
universal_robot/ur_bringup/launch/ur10_bringup_joint_limited.launch,16,0,9,0,3,3,0,0,0,0,0,0,1,0,0,17,0,0,2,3,0,0,10,0,0,1,0,0,2,0
yujin_ocs/yocs_ar_marker_tracking/launch/tracking.launch,0,0,0,7,1,1,0,0,0,0,1,0,0,0,0,1,0,0,0,0,0,0,0,0,0,0,0,0,0,0
motoman/motoman_sda10f_moveit_config/launch/setup_assistant.launch,2,1,0,0,1,1,0,0,0,0,0,0,1,0,0,1,0,0,2,0,0,0,0,0,0,0,0,0,0,0
kobuki/kobuki_node/launch/test_get_yaw.launch,0,0,0,0,1,1,0,0,0,0,0,0,0,0,0,1,0,3,0,0,0,0,0,0,0,0,0,0,0,0
rbcar_sim/rbcar_sim_bringup/launch/rbcar_complete.launch,2,0,5,4,7,7,0,0,0,0,4,0,2,0,0,27,0,2,0,4,0,0,0,0,0,0,0,4,1,0
motoman/motoman_sda10f_moveit_config/launch/demo.launch,30,7,27,8,5,5,0,0,1,0,4,0,2,0,0,29,0,0,16,13,1,0,13,1,0,0,0,9,2,0
sr_vision/sr_point_cloud/launch/camera_transform.launch,6,0,4,0,1,1,0,0,0,0,1,0,0,0,0,20,0,2,0,1,0,0,4,0,0,0,0,0,0,0
robot_localization_utils/launch/robot_localization_complete.launch,4,0,35,5,4,3,0,0,0,0,1,0,1,0,0,18,0,3,0,3,0,0,1,0,0,0,0,0,0,0
cob_perception_common/cob_image_flip/ros/launch/image_flip.launch,1,0,0,1,1,1,0,0,0,0,0,0,0,0,0,18,0,9,0,0,0,0,0,0,0,0,0,1,0,0
sr_core/sr_tactile_sensors/launch/sr_tactile.launch,0,0,0,1,1,1,0,0,0,0,0,0,0,0,0,14,0,0,0,0,0,0,0,0,0,0,0,1,0,0
rocon_app_platform/rocon_app_utilities/tests/test_rapps/indexer/chained/child.launch,3,0,2,0,1,1,0,0,0,1,0,0,0,0,0,1,0,0,0,0,0,0,0,0,0,0,0,0,0,0
rocon_app_platform/rocon_app_utilities/tests/test_rapps/rapp/inherity/full/parent.launch,3,0,2,0,1,1,0,0,0,1,0,0,0,0,0,1,0,0,0,0,0,0,0,0,0,0,0,0,0,0
cob_robots/cob_bringup/tools/cob_obstacle_distance.launch,3,0,0,1,1,1,0,0,0,0,1,0,0,0,0,35,0,0,0,0,0,0,0,0,0,2,1,1,0,1
cob_robots/cob_bringup/robots/cob4-4.launch,55,5,2,17,16,16,0,0,3,0,4,0,4,2,0,176,0,10,9,15,0,0,30,0,0,0,0,13,1,11
sr_core/sr_tactile_sensors/launch/sr_tactile_virtual.launch,0,0,0,1,1,1,0,0,0,0,0,0,0,0,0,14,0,0,0,0,0,0,0,0,0,0,0,1,0,0
turtlebot_interactions/turtlebot_dashboard/launch/turtlebot_dashboard.launch,1,1,0,0,1,1,0,0,0,0,0,0,1,0,0,20,0,0,0,1,0,0,0,0,0,0,0,0,0,1
yujin_ocs/yocs_waypoint_provider/launch/provider.launch,1,0,1,0,1,1,0,0,0,0,0,0,0,0,0,12,0,0,0,0,0,0,0,0,0,0,0,0,0,0
rbcar_sim/rbcar_sim_bringup/launch/purepursuit_marker.launch,0,0,5,0,1,1,0,0,0,0,0,0,0,0,0,1,0,0,0,0,0,0,0,0,0,0,0,0,0,0
agvs/purepursuit_planner/launch/purepursuit.launch,0,0,6,0,1,1,0,0,0,0,0,0,0,0,0,1,0,0,0,0,0,0,0,0,0,0,0,0,0,0
rocon_app_platform/rocon_app_manager/launch/pairing_demo.launch,42,0,15,9,6,6,0,0,0,1,0,0,0,0,0,46,0,4,4,5,0,0,22,0,0,0,0,2,0,0
grizzly_robot/grizzly_bringup/launch/payloads/32e_points.launch,0,0,3,0,3,1,3,0,0,0,0,3,3,0,0,3,0,0,0,0,0,0,0,0,0,0,0,0,0,0
cob_simulation/cob_gazebo_objects/launch/spawn_object_urdf.launch,3,0,1,0,1,1,0,0,0,0,1,0,1,0,0,7,0,0,0,0,0,0,0,0,0,2,0,1,0,0
schunk_modular_robotics/schunk_simulated_tactile_sensors/ros/launch/simulated_tactile_sensors.launch,0,0,5,0,1,1,0,0,0,0,0,0,0,0,0,1,0,7,0,0,0,0,0,0,0,0,0,0,0,0
yujin_ocs/yocs_joyop/launch/joyop.launch,12,0,8,0,2,2,0,0,0,0,0,0,0,0,0,2,0,4,0,0,0,0,0,0,0,0,0,0,0,0
kobuki/kobuki_keyop/launch/keyop.launch,0,0,5,0,1,1,0,0,0,0,0,0,0,0,0,1,0,2,0,0,0,0,0,0,0,0,0,0,0,0
cob_simulation/cob_gazebo_worlds/launch/world_joint_state_publisher.launch,0,0,2,0,1,1,0,0,0,0,1,0,1,0,0,1,0,0,0,0,0,0,0,0,0,0,0,0,0,0
cob_robots/cob_bringup/drivers/ur.launch,11,0,3,1,3,3,0,0,0,0,2,0,2,0,0,176,0,2,2,1,0,0,2,0,0,2,1,1,0,2
robotnik_purepursuit_planner/robotnik_pp_planner/launch/purepursuit_marker.launch,0,0,2,0,1,1,0,0,0,0,0,0,0,0,0,1,0,0,0,0,0,0,0,0,0,0,0,0,0,0
rocon_app_platform/rocon_app_utilities/tests/test_rapps/indexer/compat/turtlebot_teleop.launch,3,0,2,0,1,1,0,0,0,1,0,0,0,0,0,1,0,0,0,0,0,0,0,0,0,0,0,0,0,0
sr-ronex/sr_ronex_examples/launch/sr_ronex_parse_parameter_server.launch,0,0,0,0,1,1,0,0,0,0,0,0,0,0,0,1,0,0,0,0,0,0,0,0,0,0,0,0,0,0
turtlebot_apps/turtlebot_rapps/rapps/xbox360_teleop/xbox360_teleop.launch,0,0,5,1,3,3,1,0,0,0,0,0,1,0,0,128,0,4,0,2,0,0,0,0,0,0,0,1,0,0
guardian_robot/guardian_node/launch/guardian_ax.launch,0,0,4,1,1,1,0,0,0,0,0,0,0,0,0,5,0,0,0,0,0,0,0,0,0,0,0,1,0,0
sr_core/sr_tactile_sensors/launch/sr_tactile_real.launch,0,0,0,1,1,1,0,0,0,0,0,0,0,0,0,14,0,0,0,0,0,0,0,0,0,0,0,1,0,0
agvs/agvs_complete/launch/amcl_diff_2.launch,0,0,30,0,1,1,0,0,0,0,0,0,0,0,0,1,0,0,0,0,0,0,0,0,0,0,0,0,0,0
cob_robots/cob_bringup/tools/collision_monitor.launch,0,0,0,0,1,1,0,0,0,0,0,0,0,0,0,1,0,1,0,0,0,0,0,0,0,0,0,0,0,0
summit_x_sim/summit_x_robot_control/launch/summit_x_robot_control.launch,0,0,0,2,1,1,0,0,0,0,0,0,0,0,0,13,0,0,0,0,0,0,0,0,0,0,0,2,0,0
cob_perception_common/cob_image_flip/ros/launch/image_flip_nodelet.launch,3,0,0,1,1,1,1,0,1,0,0,0,2,0,0,18,0,9,1,0,0,0,0,0,0,0,0,1,0,0
turtlebot/turtlebot_capabilities/providers/launch/turtlebot_bringup.launch,3,0,2,0,2,2,0,0,0,0,0,0,0,0,0,126,0,0,0,1,0,0,1,0,0,0,0,0,0,2
turtlebot/turtlebot_capabilities/providers/launch/robot_state_publisher.launch,7,0,2,0,1,1,0,0,0,0,0,0,0,0,0,126,0,1,0,1,0,0,3,0,0,0,0,0,1,3
rb1_base_common/rb1_base_kinova_j2n6a300_moveit_config/launch/run_benchmark_ompl.launch,6,0,7,4,2,2,0,0,0,0,1,0,1,0,0,15,0,0,1,3,0,0,2,0,0,1,0,5,1,0
yujin_ocs/yocs_virtual_sensor/launch/standalone.launch,0,0,6,0,1,1,0,0,0,0,0,0,0,0,0,1,0,0,0,0,0,0,0,0,0,0,0,0,0,0
motoman/motoman_sia5d_support/launch/robot_interface_streaming_sia5d.launch,2,0,0,1,0,0,0,0,0,0,0,0,0,0,0,23,0,0,0,0,0,0,0,0,0,1,0,1,0,0
rocon_app_platform/rocon_app_utilities/tests/test_rapps/rapp/inherity/icon_and_publics/parent.launch,3,0,2,0,1,1,0,0,0,1,0,0,0,0,0,1,0,0,0,0,0,0,0,0,0,0,0,0,0,0
turtlebot_apps/turtlebot_actions/launch/server_find_fudicial.launch,26,2,3,0,1,1,0,0,1,0,0,0,1,0,0,127,0,4,5,2,0,0,14,0,0,0,0,0,0,1
sr_vision/sr_extrinsic_calibration/launch/print_camera_tf.launch,14,0,6,3,2,2,0,0,0,0,1,0,0,0,0,21,0,2,0,1,0,0,4,0,0,0,0,0,0,0
rocon_tools/rocon_interactions/launch/loading_demo.launch,0,0,6,1,3,3,0,0,0,0,0,0,1,0,0,2,0,1,0,0,0,0,0,0,0,0,0,0,0,0
sr_interface/sr_moveit_hand_config/launch/demo.launch,15,2,7,1,11,9,0,0,1,0,7,0,5,0,0,22,0,0,9,5,0,0,4,0,0,0,0,0,1,0
sr_tools/sr_movements/launch/sr_movement_joint_name.launch,1,0,19,0,1,1,0,0,0,0,0,0,0,0,0,46,0,0,24,1,0,0,0,0,0,0,0,0,13,24
universal_robot/ur_gazebo/launch/ur3_joint_limited.launch,5,0,4,2,5,4,0,0,0,0,3,0,4,0,0,12,0,0,2,3,0,0,3,0,0,0,0,2,2,0
robot_localization_utils/launch/rl_utils.launch,0,0,0,0,1,1,0,0,0,0,0,0,0,0,0,1,0,0,0,0,0,0,0,0,0,0,0,0,0,0
turtlebot/turtlebot_capabilities/providers/launch/depthimage_to_laserscan.launch,0,0,0,0,1,1,0,0,0,0,0,0,0,0,0,1,0,0,0,0,0,0,0,0,0,0,0,0,0,0
grizzly_robot/grizzly_base/launch/motors.launch,0,0,1,2,9,3,0,0,0,0,0,0,0,0,0,3,0,1,2,0,0,0,0,0,0,0,3,0,0,3
motoman/motoman_sda10f_support/launch/test_sda10f.launch,0,0,2,0,3,3,0,0,0,1,0,0,1,0,0,23,0,0,0,1,0,0,0,0,0,0,0,0,1,0
grizzly_robot/grizzly_bringup/launch/payloads/ptu46_actions.launch,0,0,1,0,2,2,0,0,0,0,0,2,0,0,0,1,0,2,0,0,0,0,0,0,0,0,0,0,0,0
motoman/motoman_mh5_support/launch/robot_interface_streaming_mh5.launch,2,0,0,1,0,0,0,0,0,0,0,0,0,0,0,23,0,0,0,0,0,0,0,0,0,1,0,1,0,0
yujin_ocs/yocs_waypoints_navi/launch/waypoints_navi.launch,3,0,3,0,1,1,0,0,0,0,0,0,0,0,0,1,0,0,0,0,0,0,0,0,0,0,0,0,0,0
turtlebot_interactions/turtlebot_rviz_launchers/launch/view_navigation.launch,0,0,0,0,1,1,0,0,0,0,0,0,1,0,0,131,0,0,0,0,0,0,0,0,0,0,0,0,0,0
yujin_ocs/yocs_ar_pair_tracking/launch/client.launch,0,0,0,0,1,1,0,0,0,0,0,0,0,0,0,1,0,1,0,0,0,0,0,0,0,0,0,0,0,0
cob_command_tools/cob_teleop/ros/launch/teleop_keyboard.launch,1,0,4,0,1,1,0,0,0,0,0,0,0,0,0,1,0,1,0,0,0,0,0,0,0,0,0,0,0,0
capabilities/test/unit/discovery_workspaces/dependent_capabilities/differential_mobile_base_capability/providers/launch/faux_differential_mobile_base.launch,0,0,0,0,1,1,0,0,0,0,0,0,0,0,0,1,0,0,0,0,0,0,0,0,0,0,0,0,0,0
industrial_core/industrial_robot_client/launch/robot_state_visualize.launch,2,0,2,0,3,3,0,0,0,0,0,0,1,0,0,17,0,0,0,0,0,0,0,0,0,2,0,1,0,0
turtlebot_apps/turtlebot_calibration/launch/calibrate.launch,26,2,5,0,3,3,1,0,0,1,0,0,1,0,0,127,0,8,5,2,0,0,14,0,0,0,0,0,0,1
guardian_robot/guardian_navigation/navigation_local/move_base_local.launch,0,0,0,8,2,2,0,0,0,0,1,0,1,0,0,3,0,2,0,0,0,0,0,0,0,0,0,8,0,0
sr_interface/sr_moveit_hand_config/launch/run_benchmark_ompl.launch,7,0,6,2,5,4,0,0,0,0,4,0,3,0,0,21,0,0,1,3,0,0,2,0,0,1,0,2,1,0
agvs/agvs_complete/launch/map_server.launch,0,0,0,0,1,1,0,0,0,0,0,0,1,0,0,2,0,0,0,0,0,0,0,0,0,0,0,0,0,0
rocon_app_platform/rocon_apps/chirp_apps/meow/meow_chirp.launch,0,0,0,0,1,1,0,0,0,0,0,0,1,0,0,13,0,0,0,0,0,0,0,0,0,0,0,0,0,0
rocon_app_platform/rocon_app_utilities/tests/test_rapps/indexer/chained/parent.launch,3,0,2,0,1,1,0,0,0,1,0,0,0,0,0,1,0,0,0,0,0,0,0,0,0,0,0,0,0,0
cob_robots/cob_bringup/tools/dashboard.launch,4,0,0,2,2,2,0,0,0,0,2,0,0,0,0,6,0,0,0,0,0,0,0,0,0,0,2,2,0,2
motoman/motoman_sia20d_moveit_config/launch/moveit_planning_execution.launch,32,7,26,9,6,6,0,0,1,0,3,0,1,0,0,32,0,0,19,15,1,0,11,1,0,2,0,13,0,0
agvs/agvs_complete/launch/agvs_hector_mapping.launch,7,0,21,0,1,1,0,0,0,0,0,0,0,0,0,1,0,0,0,0,0,0,0,0,0,0,0,0,0,0
turtlebot_arm/turtlebot_arm_kinect_calibration/launch/calibrate.launch,0,0,4,0,2,2,0,0,0,0,0,0,0,0,0,2,0,1,0,0,0,0,0,0,0,0,0,0,0,0
grizzly_robot/grizzly_bringup/launch/payloads/lms1xx.launch,0,0,1,0,1,1,0,0,0,0,0,1,0,0,0,1,0,0,0,0,0,0,0,0,0,0,0,0,0,0
cob_driver/cob_voltage_control/ros/launch/record_current_and_voltage.launch,3,0,3,0,1,1,0,0,0,0,0,0,0,0,0,1,0,0,0,0,0,0,0,0,0,3,0,0,0,0
sr_interface/sr_moveit_hand_config/launch/move_group.launch,18,5,18,1,4,2,0,0,0,0,4,0,3,0,0,19,0,0,8,6,0,0,5,1,0,0,0,1,0,0
grizzly/grizzly_teleop/launch/teleop.launch,4,0,10,0,2,2,0,0,0,0,0,0,0,0,0,2,0,1,0,0,0,0,0,0,0,0,0,0,0,0
rbcar_common/rbcar_navigation/launch/navigation_amcl/move_base_amcl_teb.launch,0,0,41,5,4,4,0,0,0,0,1,0,2,0,0,11,0,3,0,1,0,0,0,0,0,0,0,5,0,0
aubo_robot/aubo_driver/launch/aubo_i5_moveit.launch,2,0,1,0,2,2,0,0,0,0,0,0,2,0,0,4,0,0,0,1,0,0,0,0,0,1,0,0,1,0
kobuki/kobuki_random_walker/launch/standalone.launch,0,0,3,0,2,1,2,0,0,0,0,0,2,0,0,2,0,6,0,0,0,0,0,0,0,0,0,0,0,0
rocon_app_platform/rocon_app_utilities/tests/test_rapps/rapp/invalid_classification/foo.launch,3,0,2,0,1,1,0,0,0,1,0,0,0,0,0,1,0,0,0,0,0,0,0,0,0,0,0,0,0,0
turtlebot_apps/turtlebot_navigation/laser/move_base_laser.launch,0,0,0,4,1,1,0,0,0,0,1,0,0,0,0,132,0,0,0,0,0,0,0,0,0,0,0,4,0,0
universal_robot/ur_gazebo/launch/ur10_joint_limited.launch,5,0,4,2,5,4,0,0,0,0,3,0,4,0,0,12,0,0,2,3,0,0,3,0,0,0,0,2,2,0
turtlebot_apps/turtlebot_actions/launch/client_fiducial_test.launch,0,0,0,0,1,1,0,0,0,0,0,0,0,0,0,1,0,0,0,0,0,0,0,0,0,0,0,0,0,0
ar_track_alvar/launch/pr2_train.launch,7,0,0,0,1,1,0,0,0,0,1,0,1,0,0,1,0,0,0,0,0,0,0,0,0,0,0,0,0,0
turtlebot/turtlebot_capabilities/providers/launch/rgbd_sensor.launch,26,2,3,0,1,1,1,0,0,0,0,0,1,0,0,126,0,4,5,2,0,0,11,0,0,0,0,0,0,1
rbcar_common/rbcar_navigation/launch/move_base_teb.launch,0,0,7,5,2,2,0,0,0,0,1,0,1,0,0,11,0,1,0,0,0,0,0,0,0,0,0,5,0,0
cob_robots/cob_bringup/robots/cob4-6.launch,55,5,2,17,16,16,0,0,3,0,4,0,4,2,0,176,0,10,9,15,0,0,30,0,0,0,0,13,1,11
guardian_sim/guardian_description/launch/gball_description.launch,0,0,1,0,0,0,0,0,0,0,0,0,0,0,0,2,0,0,0,0,0,0,0,0,0,0,0,1,0,0
sr_vision/sr_object_tracking/launch/calibration.launch,4,0,10,0,2,2,0,0,0,0,0,0,0,0,0,5,0,0,3,1,0,0,1,0,0,0,0,0,0,0
universal_robot/ur10_moveit_config/launch/run_benchmark_ompl.launch,7,0,8,4,2,2,0,0,0,0,1,0,1,0,0,13,0,0,3,3,0,0,2,0,0,1,0,5,2,0
yujin_ocs/yocs_diff_drive_pose_controller/launch/standalone.launch,0,0,14,0,2,1,2,0,0,0,0,0,2,0,0,2,0,0,0,0,0,0,0,0,0,0,0,0,0,0
rocon_app_platform/rocon_apps/apps/talker/talker.launch,3,0,2,0,1,1,0,0,0,1,0,0,0,0,0,1,0,0,0,0,0,0,0,0,0,0,0,0,0,0
rbcar_common/rbcar_navigation/launch/navigation_amcl/move_base_amcl.launch,0,0,34,6,4,4,0,0,0,0,1,0,2,0,0,11,0,4,0,1,0,0,0,0,0,0,0,6,0,0
rocon_app_platform/rocon_app_utilities/tests/test_rapps/rapp/inherity/publics/parent.launch,3,0,2,0,1,1,0,0,0,1,0,0,0,0,0,1,0,0,0,0,0,0,0,0,0,0,0,0,0,0
turtlebot_simulator/turtlebot_gazebo/launch/amcl_demo.launch,20,0,39,10,5,4,2,0,0,0,1,0,3,0,0,132,0,11,0,4,0,0,3,0,0,0,0,10,0,2
sr_interface/sr_multi_moveit/sr_multi_moveit_config/launch/move_group.launch,29,8,22,1,5,2,0,0,0,0,5,0,4,0,0,12,0,0,10,7,1,0,10,1,0,0,0,1,0,0
agvs/agvs_complete/launch/agvs_gmapping.launch,0,0,0,0,1,1,0,0,0,0,0,0,1,0,0,1,0,0,0,0,0,0,0,0,0,0,0,0,0,0
ros_canopen/socketcan_bridge/test/vcan0_to_vcan1.launch,0,0,2,0,2,2,0,0,0,0,0,0,0,0,0,1,0,1,0,0,0,0,0,0,0,0,0,0,0,0
sr_core/sr_hand/launch/advanced/srh_etherCAT_standalone.launch,1,0,21,0,5,3,0,0,0,0,0,0,2,0,0,44,0,5,24,2,0,0,0,0,0,0,0,0,13,24
turtlebot_apps/turtlebot_rapps/rapps/3dsensor/3dsensor.launch,26,2,3,0,1,1,1,0,0,0,0,0,1,0,0,126,0,4,5,2,0,0,10,0,0,0,0,0,0,1
guardian_robot/guardian_navigation/navigation_slam/move_base_slam.launch,0,0,30,5,3,3,0,0,0,0,1,0,1,0,0,4,0,2,0,1,0,0,0,0,0,0,0,5,0,0
motoman/motoman_driver/launch/robot_interface_streaming_dx100.launch,10,0,3,0,3,3,0,0,3,0,0,0,0,0,0,18,0,0,6,3,0,0,7,0,0,1,0,0,0,0
motoman/motoman_sia20d_moveit_config/launch/run_benchmark_ompl.launch,6,0,7,4,2,2,0,0,0,0,1,0,1,0,0,33,0,0,1,3,0,0,2,0,0,1,0,6,0,0
turtlebot_interactions/turtlebot_rviz_launchers/launch/view_blind_nav.launch,0,0,0,0,1,1,0,0,0,0,0,0,1,0,0,131,0,0,0,0,0,0,0,0,0,0,0,0,0,0
turtlebot_apps/turtlebot_actions/launch/server_turtlebot_move.launch,0,0,0,0,1,1,0,0,0,0,0,0,0,0,0,1,0,2,0,0,0,0,0,0,0,0,0,0,0,0
motoman/motoman_sia20d_support/launch/robot_state_visualize_sia20d.launch,2,0,1,1,2,2,0,0,0,1,0,0,1,0,0,23,0,0,0,1,0,0,0,0,0,1,0,1,1,0
barrett_hand/bhand_controller/launch/bhand_controller.launch,0,0,3,1,1,1,0,0,0,0,0,0,0,0,0,5,0,0,0,0,0,0,0,0,0,0,0,1,0,0
rbcar_common/rbcar_navigation/launch/rbcar_gmapping.launch,0,0,31,0,1,1,0,0,0,0,0,0,0,0,0,1,0,1,0,0,0,0,0,0,0,0,0,0,0,0
sr_core/sr_hand/launch/srh.launch,1,0,19,2,6,5,0,0,0,0,0,0,3,0,0,46,0,3,24,2,0,0,0,0,0,0,0,2,13,24
sr-demo/sr_graspatron/launch/demo.launch,93,1,51,25,24,17,0,0,5,0,7,2,15,1,0,101,0,2,22,17,2,0,51,0,0,0,0,24,3,5
ar_track_alvar/launch/pr2_indiv.launch,6,0,4,0,1,1,0,0,0,0,1,0,0,0,0,1,0,2,0,0,0,0,0,0,0,0,0,0,0,0
turtlebot_apps/turtlebot_rapps/rapps/auto_docking/auto_docking.launch,0,0,0,0,2,2,1,0,0,1,0,0,1,0,0,2,0,5,0,0,0,0,0,0,0,0,0,0,0,0
guardian_sim/guardian_robot_control/launch/gball_robot_control.launch,0,0,0,2,1,1,0,0,0,0,0,0,0,0,0,10,0,0,0,0,0,0,0,0,0,0,0,2,0,0
rocon_app_platform/rocon_apps/chirp_apps/moo/moo_chirp.launch,0,0,0,0,1,1,0,0,0,0,0,0,1,0,0,13,0,0,0,0,0,0,0,0,0,0,0,0,0,0
cob_robots/cob_bringup/robots/raw3-3.launch,78,1,8,30,27,25,0,0,0,0,13,0,3,3,0,176,0,32,8,27,2,0,47,0,0,0,0,29,1,21
rocon_app_platform/rocon_app_utilities/tests/test_rapps/rapp/inherity/icon_and_publics/child.launch,3,0,2,0,1,1,0,0,0,1,0,0,0,0,0,1,0,0,0,0,0,0,0,0,0,0,0,0,0,0
cob_robots/cob_bringup/tools/teleop_spacenav_twist.launch,1,0,5,0,2,2,0,0,0,0,2,0,0,0,0,2,0,0,0,0,0,0,0,0,0,1,0,0,0,0
turtlebot_arm/turtlebot_arm_moveit_config/launch/setup_assistant.launch,2,1,0,0,1,1,0,0,0,0,0,0,1,0,0,1,0,0,2,0,0,0,0,0,0,0,0,0,0,0
kobuki/kobuki_auto_docking/launch/activate.launch,0,0,0,0,1,1,0,0,0,0,0,0,0,0,0,1,0,0,0,0,0,0,0,0,0,0,0,0,0,0
cob_robots/cob_bringup/tools/rviz.launch,2,0,0,0,1,1,0,0,0,0,1,0,1,0,0,35,0,0,0,0,0,0,0,0,0,0,1,0,0,1
rb1_sim/rb1_torso_control/launch/rb1_torso_control.launch,0,0,0,1,2,2,0,0,0,0,2,0,1,0,0,4,0,1,0,0,0,0,0,0,0,0,0,1,0,0
yujin_ocs/yocs_keyop/launch/keyop.launch,8,0,5,0,1,1,0,0,0,0,0,0,0,0,0,1,0,3,0,0,0,0,0,0,0,0,0,0,0,0
rocon_app_platform/rocon_app_utilities/tests/test_rapps/indexer/multi_children/parent.launch,3,0,2,0,1,1,0,0,0,1,0,0,0,0,0,1,0,0,0,0,0,0,0,0,0,0,0,0,0,0
sr_tools/sr_movements/launch/sr_movements_example.launch,0,0,7,0,1,1,0,0,0,0,0,0,0,0,0,40,0,2,0,0,0,0,0,0,0,0,0,0,0,0
turtlebot_interactions/turtlebot_rviz_launchers/launch/view_teleop_navigation.launch,0,0,2,0,2,2,0,0,0,0,0,0,1,0,0,131,0,1,0,0,0,0,0,0,0,0,0,0,0,0
motoman/motoman_mh5_support/launch/test_mh5.launch,0,0,2,0,3,3,0,0,0,1,0,0,1,0,0,23,0,0,0,1,0,0,0,0,0,0,0,0,1,0
sr_core/sr_tactile_sensors/launch/sr_tactile_gazebo.launch,0,0,0,1,1,1,0,0,0,0,0,0,0,0,0,14,0,0,0,0,0,0,0,0,0,0,0,1,0,0
sr_core/sr_hand/launch/demo/hand_demo_view.launch,18,0,31,3,5,4,0,0,2,0,4,0,6,0,0,46,0,0,54,5,1,0,4,0,0,0,0,3,28,52
sr_core/sr_hand/launch/sr_arm_and_hand.launch,1,0,31,2,15,9,0,0,0,0,0,0,5,0,0,47,0,10,27,4,0,0,0,0,0,0,1,2,15,27
agvs/agvs_complete/launch/amcl_diff.launch,0,0,28,0,1,1,0,0,0,0,0,0,0,0,0,1,0,0,0,0,0,0,0,0,0,0,0,0,0,0
summit_xl_sim/summit_xl_sim_bringup/launch/summit_xl_omni_complete.launch,2,0,1,4,5,5,0,0,0,0,3,0,2,0,0,24,0,1,0,3,0,0,0,0,0,0,0,4,1,0
motoman/motoman_sia5d_support/launch/robot_state_visualize_sia5d.launch,2,0,1,1,2,2,0,0,0,1,0,0,1,0,0,23,0,0,0,1,0,0,0,0,0,1,0,1,1,0
turtlebot_apps/turtlebot_rapps/rapps/map_manager/map_manager.launch,1,0,2,0,1,1,0,0,0,0,0,0,1,0,0,1,0,0,0,0,0,0,0,0,0,0,0,0,0,0
turtlebot_apps/turtlebot_navigation/launch/amcl_demo.launch,47,2,42,10,6,4,3,0,0,0,1,0,4,0,0,132,0,15,5,6,0,0,18,0,0,0,0,10,0,3
rb1_base_sim/rb1_base_purepursuit/launch/purepursuit.launch,0,0,7,0,1,1,0,0,0,0,0,0,0,0,0,1,0,0,0,0,0,0,0,0,0,0,0,0,0,0
rb1_base_sim/rb1_base_2dnav/launch/navigation_local/move_base_local.launch,0,0,0,6,4,4,0,0,0,0,1,0,3,0,0,11,0,3,0,0,0,0,0,0,0,0,0,6,0,0
yujin_ocs/yocs_ar_pair_approach/launch/approach.launch,0,0,0,1,1,1,0,0,0,0,0,0,0,0,0,1,0,2,0,0,0,0,0,0,0,0,0,0,0,0
universal_robot/ur3_moveit_config/launch/setup_assistant.launch,2,1,0,0,1,1,0,0,0,0,0,0,1,0,0,1,0,0,2,0,0,0,0,0,0,0,0,0,0,0
rocon_app_platform/rocon_app_utilities/tests/test_rapps/rapp/inherity/publics/child.launch,3,0,2,0,1,1,0,0,0,1,0,0,0,0,0,1,0,0,0,0,0,0,0,0,0,0,0,0,0,0
universal_robot/ur_bringup/launch/ur5_bringup_joint_limited.launch,16,0,9,0,3,3,0,0,0,0,0,0,1,0,0,17,0,0,2,3,0,0,10,0,0,1,0,0,2,0
turtlebot_arm/turtlebot_arm_moveit_config/launch/demo.launch,30,7,27,8,5,5,0,0,1,0,4,0,2,0,0,12,0,0,16,13,1,0,13,1,0,0,0,9,2,0
turtlebot_simulator/turtlebot_stage/launch/turtlebot_in_stage.launch,29,0,48,11,12,9,4,0,0,0,1,0,7,0,0,142,0,16,0,6,0,0,11,0,0,0,0,11,1,6
cob_robots/cob_bringup/robots/cob4-5.launch,327,5,33,88,90,43,7,0,30,0,63,0,34,7,0,176,0,101,68,75,35,0,212,0,0,0,0,72,1,53
ros_canopen/canopen_chain_node/launch/chain.launch,1,0,0,1,1,1,0,0,0,0,0,0,0,0,0,1,0,0,0,0,0,0,0,0,0,1,0,1,0,0
capabilities/test/rostest/test_server/dependent_capabilities/navigation_capability/providers/launch/faux_navigation.launch,0,0,0,0,1,1,0,0,0,0,0,0,0,0,0,1,0,0,0,0,0,0,0,0,0,0,0,0,0,0
rb1_base_sim/rb1_base_2dnav/launch/navigation_amcl/move_base_amcl.launch,0,0,34,6,4,4,0,0,0,0,1,0,2,0,0,10,0,5,0,1,0,0,0,0,0,0,0,6,0,0
rocon_tools/rocon_interactions/launch/pc_demo.launch,4,0,4,1,2,2,0,0,0,0,0,0,0,0,0,27,0,0,0,1,0,0,4,0,0,0,0,0,0,0
turtlebot/turtlebot_teleop/launch/keyboard_teleop.launch,0,0,2,0,1,1,0,0,0,0,0,0,0,0,0,1,0,1,0,0,0,0,0,0,0,0,0,0,0,0
motoman/motoman_sia5d_support/launch/test_sia5d.launch,0,0,2,0,3,3,0,0,0,1,0,0,1,0,0,23,0,0,0,1,0,0,0,0,0,0,0,0,1,0
sr_interface/sr_robot_launch/launch/sr_left_ur5arm_hand.launch,74,2,31,25,21,15,0,0,5,0,6,2,15,1,0,89,0,0,22,14,2,0,43,0,0,0,1,24,3,5
sr-ronex/sr_ronex_launch/launch/sr_ronex_ros_control_robot.launch,9,0,1,1,2,2,0,0,1,0,0,0,0,0,0,21,0,0,2,3,0,0,5,0,0,0,1,0,1,2
sr_interface/sr_multi_moveit/sr_multi_moveit_test/test/test_iksolver_ur10.launch,21,2,7,1,12,9,0,0,1,0,7,0,7,0,0,15,0,0,10,6,0,0,10,0,0,0,0,0,1,0
motoman/motoman_sia10d_support/launch/robot_state_visualize_sia10d.launch,2,0,1,1,2,2,0,0,0,1,0,0,1,0,0,23,0,0,0,1,0,0,0,0,0,1,0,1,1,0
sr_interface/sr_robot_launch/launch/sr_left_ur10arm_hand.launch,74,2,31,25,21,15,0,0,5,0,6,2,15,1,0,89,0,0,22,14,2,0,43,0,0,0,1,24,3,5
universal_robot/ur3_moveit_config/launch/joystick_control.launch,1,0,4,0,2,2,0,0,0,0,0,0,0,0,0,2,0,0,0,0,0,0,0,0,0,0,0,0,0,0
yujin_ocs/yocs_velocity_smoother/launch/test_translational_smoothing.launch,0,0,2,1,3,2,2,0,0,0,0,0,2,0,0,19,0,6,0,0,0,0,0,0,0,0,0,1,0,0
rocon_app_platform/rocon_apps/chirp_apps/angry_cat/angry_cat_chirp.launch,0,0,0,0,1,1,0,0,0,0,0,0,1,0,0,13,0,0,0,0,0,0,0,0,0,0,0,0,0,0
summit_xl_sim/summit_xl_robot_control/launch/summit_xl_robot_control_vrep.launch,0,0,0,2,1,1,0,0,0,0,0,0,0,0,0,12,0,0,0,0,0,0,0,0,0,0,0,2,0,0
motoman/motoman_mh5_support/launch/robot_state_visualize_mh5.launch,2,0,1,1,2,2,0,0,0,1,0,0,1,0,0,23,0,0,0,1,0,0,0,0,0,1,0,1,1,0
roboteq/roboteq_driver/launch/example.launch,1,0,2,0,1,1,0,0,0,0,0,0,0,0,0,1,0,0,0,0,0,0,0,0,0,0,0,0,0,0
rb1_base_common/rb1_base_kinova_j2n6a300_moveit_config/launch/setup_assistant.launch,2,1,0,0,1,1,0,0,0,0,0,0,1,0,0,1,0,0,2,0,0,0,0,0,0,0,0,0,0,0
sr-ronex/sr_ronex_launch/launch/sr_ronex.launch,9,0,1,0,2,2,0,0,1,0,0,0,2,0,0,20,0,0,2,3,0,0,5,0,0,0,1,0,1,2
industrial_core/industrial_robot_client/launch/robot_interface_download.launch,1,0,1,0,3,3,0,0,0,0,0,0,0,0,0,1,0,0,0,0,0,0,0,0,0,1,0,0,0,0
robotiq/robotiq_action_server/launch/robotiq_c_model_action_server.launch,5,0,5,0,1,1,0,0,0,0,0,0,0,0,0,1,0,2,0,0,0,0,0,0,0,0,0,0,0,0
turtlebot_arm/turtlebot_arm_moveit_config/launch/turtlebot_arm_moveit.launch,31,7,27,8,5,5,0,0,1,0,4,0,2,0,0,12,0,0,17,13,1,0,13,1,0,0,0,9,2,0
universal_robot/ur5_moveit_config/launch/demo.launch,34,7,29,8,5,5,0,0,1,0,4,0,2,0,0,13,0,0,20,13,1,0,15,1,0,0,0,9,4,0
rb1_common/rb1_jaco_3fg_moveit_config/launch/joystick_control.launch,1,0,4,0,2,2,0,0,0,0,0,0,0,0,0,2,0,0,0,0,0,0,0,0,0,0,0,0,0,0
rb1_sim/rb1_sim_bringup/launch/gazebo_set_position.launch,10,10,0,0,9,1,0,0,0,0,9,0,9,0,0,1,0,0,0,0,0,0,0,0,0,0,0,0,0,0
shadow_robot_ethercat/sr_edc_controller_configuration/sr_edc_controller_manager.launch,0,0,3,1,4,4,0,0,0,0,0,0,1,0,0,17,0,0,0,1,0,0,0,0,0,0,0,1,0,0
guardian_sim/guardian_robot_control/launch/guardian_robot_control.launch,0,0,0,2,1,1,0,0,0,0,0,0,0,0,0,10,0,0,0,0,0,0,0,0,0,0,0,2,0,0
kobuki/kobuki_auto_docking/launch/standalone.launch,0,0,0,1,2,1,2,0,0,0,0,0,2,0,0,41,0,5,0,0,0,0,0,0,0,0,0,1,0,0
rb1_base_common/rb1_base_kinova_j2n6a300_moveit_config/launch/demo.launch,32,7,27,8,5,5,0,0,1,0,4,0,2,0,0,15,0,0,16,13,1,0,14,1,0,0,0,9,2,0
mico_common/mico_moveit_config/launch/run_benchmark_ompl.launch,6,0,7,4,2,2,0,0,0,0,1,0,1,0,0,14,0,0,1,3,0,0,2,0,0,1,0,5,1,0
guardian_robot/guardian_navigation/navigation_config/move_base.launch,0,0,0,5,1,1,0,0,0,0,1,0,0,0,0,2,0,2,0,0,0,0,0,0,0,0,0,5,0,0
guardian_robot/guardian_complete/launch/robot_localization_odom.launch,0,0,14,2,2,2,0,0,0,0,0,0,1,0,0,2,0,1,0,0,0,0,0,0,0,0,0,0,0,0
yujin_ocs/yocs_safety_controller/launch/standalone.launch,16,8,3,0,2,1,2,0,0,0,0,0,2,0,0,20,0,4,0,1,0,0,8,0,0,0,0,0,0,0
kobuki/kobuki_keyop/launch/safe_keyop.launch,0,0,6,1,4,2,3,0,0,0,0,0,3,0,0,29,0,10,0,0,0,0,0,0,0,0,0,1,0,0
sr-ronex/sr_ronex_examples/launch/sr_ronex_flash_LED_with_PWM.launch,0,0,0,0,1,1,0,0,0,0,0,0,0,0,0,1,0,0,0,0,0,0,0,0,0,0,0,0,0,0
kobuki/kobuki_capabilities/providers/launch/kobuki_bringup.launch,1,0,0,1,1,1,1,0,0,0,0,0,1,0,0,70,0,0,0,0,0,0,0,0,0,0,0,1,0,0
rbcar_sim/rbcar_sim_bringup/launch/ekf_nodes.launch,0,0,32,5,2,1,0,0,0,0,0,0,0,0,0,1,0,2,0,0,0,0,0,0,0,0,0,0,0,0
sr_interface/sr_robot_launch/launch/sr_right_ur5arm_hand.launch,74,2,31,25,21,15,0,0,5,0,6,2,15,1,0,89,0,0,22,14,2,0,43,0,0,0,1,24,3,5
motoman/motoman_driver/launch/robot_multigroup_interface_streaming_dx100.launch,9,0,3,0,3,3,0,0,3,0,0,0,0,0,0,18,0,0,6,3,0,0,7,0,0,1,0,0,0,0
guardian_sim/guardian_description/launch/gwam_description.launch,0,0,1,0,0,0,0,0,0,0,0,0,0,0,0,2,0,0,0,0,0,0,0,0,0,0,0,1,0,0
yujin_ocs/yocs_localization_manager/launch/ar_pair_tracker.launch,14,0,6,0,3,3,0,0,0,0,2,0,1,0,0,3,0,9,0,0,0,0,0,0,0,2,0,0,0,0
aubo_robot/aubo_i5_moveit_config/launch/run_benchmark_ompl.launch,6,0,7,4,2,2,0,0,0,0,1,0,1,0,0,11,0,0,1,3,0,0,2,0,0,1,0,5,1,0
yujin_ocs/yocs_diff_drive_pose_controller/launch/kobuki_pose_control.launch,1,0,16,2,5,3,3,0,0,0,0,0,3,0,0,72,0,5,0,1,0,0,0,0,0,0,0,2,1,0
ar_track_alvar/launch/pr2_bundle_no_kinect.launch,7,0,0,0,1,1,0,0,0,0,1,0,1,0,0,20,0,0,0,0,0,0,0,0,0,0,0,0,0,0
motoman/motoman_driver/launch/robot_multigroup_interface_streaming_fs100.launch,9,0,3,0,3,3,0,0,3,0,0,0,0,0,0,18,0,0,6,3,0,0,7,0,0,1,0,0,0,0
capabilities/test/unit/discovery_workspaces/minimal/minimal_pkg/providers/launch/minimal.launch,0,0,0,0,1,1,0,0,0,0,0,0,0,0,0,1,0,0,0,0,0,0,0,0,0,0,0,0,0,0
capabilities/test/rostest/test_server/no_default_provider/no_default_provider_pkg/providers/launch/minimal2.launch,0,0,0,0,1,1,0,0,0,0,0,0,0,0,0,1,0,0,0,0,0,0,0,0,0,0,0,0,0,0
grizzly_robot/grizzly_bringup/launch/core/diagnostics.launch,0,0,0,1,1,1,0,0,0,0,0,0,0,0,0,39,0,0,0,0,0,0,0,0,0,0,0,1,0,0
rb1_common/rb1_jaco_3fg_moveit_config/launch/run_benchmark_ompl.launch,6,0,7,4,2,2,0,0,0,0,1,0,1,0,0,22,0,0,1,3,0,0,2,0,0,1,0,6,0,0
universal_robot/ur5_moveit_config/launch/ur5_moveit_planning_execution.launch,23,5,22,4,1,1,0,0,0,0,1,0,0,0,0,11,0,1,12,8,0,0,8,1,0,0,0,5,2,0
capabilities/test/unit/discovery_workspaces/missing_interface/missing_interface_pkg/providers/launch/minimal.launch,0,0,0,0,1,1,0,0,0,0,0,0,0,0,0,1,0,0,0,0,0,0,0,0,0,0,0,0,0,0
rocon_app_platform/rocon_app_utilities/tests/test_rapps/rapp/inherity/from_child/parent.launch,3,0,2,0,1,1,0,0,0,1,0,0,0,0,0,1,0,0,0,0,0,0,0,0,0,0,0,0,0,0
cob_control/cob_model_identifier/launch/model_identification.launch,0,0,1,0,1,1,0,0,0,0,0,0,0,0,0,1,0,0,0,0,0,0,0,0,0,0,0,0,0,0
rb1_common/rb1_jaco_3fg_moveit_config/launch/demo.launch,30,7,27,8,5,5,0,0,1,0,4,0,2,0,0,22,0,0,16,13,1,0,13,1,0,0,0,11,0,0
sr_interface/sr_robot_commander/test/test_hand_commander_launch.launch,0,0,0,0,0,0,0,0,0,0,0,0,0,0,1,0,0,0,0,0,0,0,0,0,0,0,0,0,0,0
motoman/motoman_sia10d_support/launch/robot_interface_streaming_sia10d.launch,2,0,0,1,0,0,0,0,0,0,0,0,0,0,0,23,0,0,0,0,0,0,0,0,0,1,0,1,0,0
sr_core/sr_hand/launch/advanced/srh_etherCAT_noTF.launch,3,0,18,0,1,1,0,0,0,0,0,0,0,0,0,8,0,1,24,1,0,0,0,0,0,0,0,0,13,24
rb1_base_sim/rb1_base_2dnav/launch/navigation_amcl/move_base_amcl_teb.launch,0,0,41,5,4,4,0,0,0,0,1,0,2,0,0,10,0,4,0,1,0,0,0,0,0,0,0,5,0,0
guardian_robot/guardian_node/launch/guardian_pose_ekf.launch,0,0,6,0,1,1,0,0,0,0,0,0,0,0,0,1,0,2,0,0,0,0,0,0,0,0,0,0,0,0
yujin_ocs/yocs_cmd_vel_mux/launch/reconfigure.launch,0,0,1,0,1,1,0,0,0,0,0,0,1,0,0,7,0,0,0,0,0,0,0,0,0,0,0,0,0,0
kobuki_desktop/kobuki_rviz_launchers/launch/view_robot.launch,0,0,0,0,1,1,0,0,0,0,0,0,1,0,0,2,0,0,0,0,0,0,0,0,0,0,0,0,0,0
universal_robot/ur3_moveit_config/launch/run_benchmark_ompl.launch,7,0,8,4,2,2,0,0,0,0,1,0,1,0,0,13,0,0,3,3,0,0,2,0,0,1,0,5,2,0
summit_sim/summit_purepursuit/launch/purepursuit.launch,0,0,7,0,1,1,0,0,0,0,0,0,0,0,0,1,0,0,0,0,0,0,0,0,0,0,0,0,0,0
cob_perception_common/cob_object_detection_visualizer/ros/launch/object_detection_visualizer.launch,0,0,2,0,1,1,0,0,0,0,0,0,0,0,0,1,0,3,0,0,0,0,0,0,0,0,0,0,0,0
summit_sim/summit_purepursuit/launch/purepursuit_marker.launch,0,0,2,0,1,1,0,0,0,0,0,0,0,0,0,1,0,0,0,0,0,0,0,0,0,0,0,0,0,0
yujin_ocs/yocs_velocity_smoother/launch/standalone.launch,14,7,0,1,2,1,2,0,0,0,0,0,2,0,0,19,0,4,0,1,0,0,7,0,0,0,0,1,0,0
turtlebot/turtlebot_teleop/launch/logitech.launch,0,0,2,1,3,3,1,0,0,0,0,0,1,0,0,128,0,4,0,1,0,0,0,0,0,0,0,1,0,0
universal_robot/ur5_moveit_config/launch/setup_assistant.launch,2,1,0,0,1,1,0,0,0,0,0,0,1,0,0,1,0,0,2,0,0,0,0,0,0,0,0,0,0,0
grizzly_robot/grizzly_bringup/launch/core/description.launch,1,0,2,0,1,1,0,0,0,0,0,0,0,0,0,1,0,0,0,0,0,0,0,0,0,0,1,1,0,1
rb1_common/rb1_mico_3fg_moveit_config/launch/demo.launch,32,7,27,8,5,5,0,0,1,0,4,0,2,0,0,22,0,0,16,13,1,0,14,1,0,0,0,11,0,0
universal_robot/ur3_moveit_config/launch/ur3_moveit_planning_execution.launch,23,5,22,4,1,1,0,0,0,0,1,0,0,0,0,11,0,1,12,8,0,0,8,1,0,0,0,5,2,0
aubo_robot/aubo_trajectory/trajectory_gen/launch/trajectory_gen.launch,32,7,28,8,6,6,0,0,1,0,5,0,2,0,0,12,0,0,16,14,1,0,14,1,0,0,0,9,2,0
sr_core/sr_hand/launch/advanced/sr_arm_motor_simple.launch,1,0,31,2,14,8,0,0,0,0,1,0,4,0,0,47,0,10,26,2,0,0,0,0,0,0,0,2,15,26
grizzly_robot/grizzly_bringup/launch/core/um6.launch,0,0,2,0,1,1,0,0,0,0,0,0,0,0,0,1,0,0,0,0,0,0,0,0,0,0,1,0,0,1
mico_common/mico_moveit_config/launch/setup_assistant.launch,2,1,0,0,1,1,0,0,0,0,0,0,1,0,0,1,0,0,2,0,0,0,0,0,0,0,0,0,0,0
aubo_robot/aubo_new_driver/launch/aubo_i5_bringup.launch,6,0,5,0,3,3,0,0,0,0,0,0,1,0,0,20,0,0,0,2,0,0,2,0,0,1,0,0,1,0
mico_common/mico_pad/launch/mico_pad.launch,0,0,4,1,2,2,0,0,0,0,1,0,0,0,0,10,0,0,0,0,0,0,0,0,0,0,0,1,0,0
rocon_app_platform/rocon_app_utilities/tests/test_rapps/indexer/chained/ancestor.launch,3,0,2,0,1,1,0,0,0,1,0,0,0,0,0,1,0,0,0,0,0,0,0,0,0,0,0,0,0,0
universal_robot/ur10_moveit_config/launch/setup_assistant.launch,2,1,0,0,1,1,0,0,0,0,0,0,1,0,0,1,0,0,2,0,0,0,0,0,0,0,0,0,0,0
sr-ronex/sr_ronex_examples/launch/sr_ronex_read_analog_data.launch,0,0,0,0,1,1,0,0,0,0,0,0,0,0,0,1,0,0,0,0,0,0,0,0,0,0,0,0,0,0
robotnik_purepursuit_planner/robotnik_pp_planner/launch/purepursuit.launch,0,0,8,0,1,1,0,0,0,0,0,0,0,0,0,1,0,0,0,0,0,0,0,0,0,0,0,0,0,0
grizzly_robot/grizzly_bringup/launch/payloads/lms5xx.launch,0,0,0,0,1,1,0,0,0,0,0,1,0,0,0,1,0,0,0,0,0,0,0,0,0,0,0,0,0,0
grizzly_robot/grizzly_bringup/launch/payloads/bumblebee.launch,0,0,5,0,1,1,0,0,0,0,0,1,0,0,0,1,0,0,0,0,0,0,0,0,0,0,0,0,0,0
rocon_app_platform/rocon_app_utilities/tests/test_rapps/indexer/basic/child.launch,3,0,2,0,1,1,0,0,0,1,0,0,0,0,0,1,0,0,0,0,0,0,0,0,0,0,0,0,0,0
aubo_robot/aubo_i5_moveit_config/launch/setup_assistant.launch,2,1,0,0,1,1,0,0,0,0,0,0,1,0,0,1,0,0,2,0,0,0,0,0,0,0,0,0,0,0
agvs/agvs_gazebo/launch/agvs_sim_complete.launch,2,0,6,3,6,6,0,0,0,0,4,0,2,0,0,26,0,1,0,4,0,0,0,0,0,0,0,3,1,0
robotiq/robotiq_c_model_control/launch/c_model_ethercat.launch,4,0,3,0,1,1,0,0,0,0,0,0,0,0,0,1,0,2,0,0,0,0,0,0,0,0,0,0,0,0
rbcar_common/rbcar_pad/launch/rbcar_pad.launch,0,0,4,1,2,2,0,0,0,0,1,0,0,0,0,13,0,0,0,0,0,0,0,0,0,0,0,1,0,0
sr_interface/sr_multi_moveit/sr_moveit_planner_benchmarking/launch/benchmarking.launch,24,2,7,1,11,9,0,0,1,0,7,0,6,0,0,15,0,0,10,6,0,0,10,0,0,0,0,0,1,0
rocon_app_platform/rocon_app_utilities/tests/test_rapps/rapp/inherity/from_meta/parent.launch,3,0,2,0,1,1,0,0,0,1,0,0,0,0,0,1,0,0,0,0,0,0,0,0,0,0,0,0,0,0
sr_interface/sr_hand_kinematics/hand_kinematics/test/hand_kinematics_plugin_test_launch.launch,0,0,1,0,0,0,0,0,0,0,0,0,0,0,5,19,0,0,0,0,0,0,0,0,0,0,0,1,0,0
rb1_common/rb1_torso_pad/launch/rb1_torso_pad.launch,0,0,4,1,2,2,0,0,0,0,1,0,0,0,0,11,0,0,0,0,0,0,0,0,0,0,0,1,0,0
rb1_base_common/rb1_base_kinova_j2n6a300_moveit_config/launch/joystick_control.launch,1,0,4,0,2,2,0,0,0,0,0,0,0,0,0,2,0,0,0,0,0,0,0,0,0,0,0,0,0,0
motoman/motoman_sda10f_moveit_config/launch/run_benchmark_ompl.launch,6,0,7,4,2,2,0,0,0,0,1,0,1,0,0,30,0,0,1,3,0,0,2,0,0,1,0,5,1,0
kobuki/kobuki_bumper2pc/launch/standalone.launch,0,0,1,0,2,1,2,0,0,0,0,0,2,0,0,2,0,2,0,0,0,0,0,0,0,0,0,0,0,0
sr_interface/sr_multi_moveit/sr_multi_moveit_test/test/test_iksolver.launch,0,0,0,0,1,1,0,0,0,0,1,0,0,0,0,1,0,0,0,0,0,0,0,0,0,0,0,0,0,0
motoman/motoman_driver/launch/robot_state_dx100.launch,4,1,1,0,1,1,0,0,1,0,0,0,0,0,0,18,0,0,2,1,0,0,2,0,0,1,0,0,0,0
sr_interface/sr_moveit_hand_config/launch/setup_assistant.launch,2,1,0,0,1,1,0,0,0,0,0,0,1,0,0,1,0,0,2,0,0,0,0,0,0,0,0,0,0,0
turtlebot_interactions/turtlebot_rviz_launchers/launch/view_model.launch,10,3,5,1,4,4,0,0,0,0,0,0,1,0,0,131,0,0,0,2,0,0,6,0,0,0,0,1,1,4
turtlebot/turtlebot_capabilities/providers/launch/turtlebot2_bringup.launch,3,0,2,0,2,2,0,0,0,0,0,0,0,0,0,126,0,0,0,1,0,0,1,0,0,0,0,0,0,2
cob_robots/cob_bringup/robots/raw3-1.launch,96,1,12,31,33,28,0,0,0,0,17,0,6,3,0,176,0,33,9,33,3,0,60,0,0,0,0,30,1,26
rb1_base_sim/rb1_base_2dnav/launch/rb1_base_gmapping.launch,0,0,31,0,1,1,0,0,0,0,0,0,0,0,0,1,0,1,0,0,0,0,0,0,0,0,0,0,0,0
guardian_robot/guardian_complete/launch/gwam_teleop_joint.launch,0,0,5,1,3,3,0,0,0,0,1,0,0,0,0,11,0,0,0,1,0,0,0,0,0,0,0,1,0,0
capabilities/src/capabilities/capability_server_nodelet_manager.launch,1,0,0,0,1,1,1,0,0,0,0,0,1,0,0,1,0,0,0,0,0,0,0,0,0,0,0,0,0,0
turtlebot_apps/turtlebot_rapps/rapps/ps3_teleop/ps3_teleop.launch,0,0,5,1,3,3,1,0,0,0,0,0,1,0,0,128,0,4,0,2,0,0,0,0,0,0,0,1,0,0
capabilities/test/unit/discovery_workspaces/remapping_examples/robot_base_pkg/providers/launch/robot_base.launch,0,0,0,0,1,1,0,0,0,0,0,0,0,0,0,1,0,0,0,0,0,0,0,0,0,0,0,0,0,0
guardian_robot/guardian_complete/launch/test_hokuyo.launch,0,0,4,0,1,1,0,0,0,0,1,0,0,0,0,1,0,0,0,0,0,0,0,0,0,0,0,0,0,0
motoman/motoman_sda10f_support/launch/robot_state_visualize_sda10f.launch,2,0,1,2,2,2,0,0,0,1,0,0,1,0,0,23,0,0,0,1,0,0,0,0,0,1,0,2,1,0
guardian_robot/guardian_navigation/navigation_amcl/amcl_guardian.launch,0,0,34,0,1,1,0,0,0,0,0,0,0,0,0,1,0,2,0,0,0,0,0,0,0,0,0,0,0,0
universal_robot/ur_gazebo/launch/ur5_joint_limited.launch,5,0,4,2,5,4,0,0,0,0,3,0,4,0,0,12,0,0,2,3,0,0,3,0,0,0,0,2,2,0
grizzly_robot/grizzly_base/launch/mcu.launch,0,0,6,1,6,6,0,0,0,0,1,0,0,0,0,3,0,0,2,0,0,0,0,0,0,0,3,0,0,3
grizzly_robot/grizzly_bringup/launch/core/gps.launch,0,0,2,0,2,2,0,0,0,0,0,0,0,0,0,2,0,0,0,0,0,0,0,0,0,0,2,0,0,2
rb1_common/rb1_mico_3fg_moveit_config/launch/joystick_control.launch,1,0,4,0,2,2,0,0,0,0,0,0,0,0,0,2,0,0,0,0,0,0,0,0,0,0,0,0,0,0
yujin_ocs/yocs_ar_pair_approach/launch/machinery.launch,26,0,17,0,10,4,2,0,0,0,2,0,9,0,0,19,0,4,0,4,0,0,6,0,0,0,0,0,0,0
turtlebot_apps/turtlebot_rapps/rapps/follower/follower.launch,32,2,19,2,5,3,3,0,2,0,0,0,6,0,0,132,0,12,7,6,1,0,22,0,0,0,0,2,0,1
kobuki/kobuki_controller_tutorial/launch/standalone.launch,0,0,0,0,2,1,2,0,0,0,0,0,2,0,0,2,0,2,0,0,0,0,0,0,0,0,0,0,0,0
universal_robot/ur_bringup/launch/ur3_bringup_joint_limited.launch,16,0,9,0,3,3,0,0,0,0,0,0,1,0,0,17,0,0,2,3,0,0,10,0,0,1,0,0,2,0
motoman/motoman_driver/launch/robot_state_fs100.launch,4,1,1,0,1,1,0,0,1,0,0,0,0,0,0,18,0,0,2,1,0,0,2,0,0,1,0,0,0,0
universal_robot/ur5_moveit_config/launch/run_benchmark_ompl.launch,7,0,8,4,2,2,0,0,0,0,1,0,1,0,0,13,0,0,3,3,0,0,2,0,0,1,0,5,2,0
kobuki/kobuki_auto_docking/launch/auto_dock_with_safe_keyop.launch,0,0,6,2,5,2,4,0,0,0,0,0,4,0,0,45,0,15,0,0,0,0,0,0,0,0,0,2,0,0
rocon_app_platform/rocon_app_utilities/tests/test_rapps/rapp/inherity/from_child/child.launch,3,0,2,0,1,1,0,0,0,1,0,0,0,0,0,1,0,0,0,0,0,0,0,0,0,0,0,0,0,0
turtlebot_apps/turtlebot_actions/launch/client_move_test.launch,0,0,0,0,1,1,0,0,0,0,0,0,0,0,0,1,0,0,0,0,0,0,0,0,0,0,0,0,0,0
mico_common/mico_moveit_config/launch/joystick_control.launch,1,0,4,0,2,2,0,0,0,0,0,0,0,0,0,2,0,0,0,0,0,0,0,0,0,0,0,0,0,0
turtlebot_apps/turtlebot_navigation/launch/gmapping_demo.launch,37,2,40,10,5,3,3,0,0,0,1,0,3,0,0,132,0,15,5,6,0,0,14,0,0,0,0,10,0,2
sr_core/sr_hand/launch/advanced/sr_arm_CAN_standalone.launch,0,0,10,0,7,3,0,0,0,0,0,0,4,0,0,44,0,5,2,2,0,0,0,0,0,0,0,0,2,2
sr_interface/sr_robot_launch/launch/trajectory_services.launch,1,0,1,1,2,2,0,0,0,0,0,0,0,0,0,28,0,0,0,0,0,0,0,0,0,1,0,1,0,0
yujin_ocs/yocs_ar_pair_tracking/launch/demo-tracking.launch,26,0,6,0,7,3,0,0,0,0,2,0,6,0,0,17,0,3,0,4,0,0,11,0,0,0,0,0,0,0
sr_vision/sr_object_tracking/launch/tracking.launch,10,0,17,0,4,4,0,0,0,0,0,0,0,0,0,13,0,0,4,1,0,0,1,0,0,0,0,0,0,0
sr-ronex/sr_ronex_launch/launch/sr_ronex_spi_sensor.launch,7,0,1,1,2,2,0,0,1,0,0,0,3,0,0,33,0,0,2,2,0,0,3,0,0,0,1,1,1,2
kobuki/kobuki_auto_docking/launch/compact.launch,0,0,0,2,3,1,3,0,0,0,0,0,3,0,0,70,0,7,0,0,0,0,0,0,0,0,0,2,0,0
rocon_app_platform/rocon_app_utilities/tests/test_rapps/rapp/inherity/full/child.launch,3,0,2,0,1,1,0,0,0,1,0,0,0,0,0,1,0,0,0,0,0,0,0,0,0,0,0,0,0,0
guardian_robot/guardian_complete/launch/sensors/hokuyo.launch,0,0,7,0,1,1,0,0,0,0,1,0,0,0,0,1,0,0,0,0,0,0,0,0,0,0,0,0,0,0
agvs/agvs_complete/launch/robot_pose_ekf.launch,0,0,6,0,1,1,0,0,0,0,0,0,0,0,0,1,0,2,0,0,0,0,0,0,0,0,0,0,0,0
turtlebot/turtlebot_capabilities/providers/launch/diagnostics.launch,1,0,0,1,1,1,0,0,0,0,0,0,0,0,0,126,0,0,0,0,0,0,0,0,0,0,0,1,0,1
grizzly/grizzly_teleop/launch/incremental_teleop.launch,4,0,4,0,2,2,0,0,0,0,0,0,0,0,0,2,0,1,0,0,0,0,0,0,0,0,0,0,0,0
industrial_core/industrial_robot_client/launch/robot_interface_streaming.launch,1,0,1,0,3,3,0,0,0,0,0,0,0,0,0,1,0,0,0,0,0,0,0,0,0,1,0,0,0,0
turtlebot_apps/turtlebot_rapps/rapps/panorama/panorama.launch,0,0,6,0,1,1,0,0,0,0,0,0,0,0,0,129,0,2,0,1,0,0,0,0,0,0,0,0,0,0
agvs/purepursuit_planner/launch/purepursuit_marker.launch,0,0,2,0,1,1,0,0,0,0,0,0,0,0,0,1,0,0,0,0,0,0,0,0,0,0,0,0,0,0
rb1_common/rb1_mico_3fg_moveit_config/launch/setup_assistant.launch,2,1,0,0,1,1,0,0,0,0,0,0,1,0,0,1,0,0,2,0,0,0,0,0,0,0,0,0,0,0
rbcar_sim/rbcar_sim_bringup/launch/rbcar_complete_gs.launch,2,0,1,3,7,7,0,0,0,0,4,0,2,0,0,27,0,2,0,3,0,0,0,0,0,0,0,3,1,0
yujin_ocs/yocs_localization_manager/launch/localization_manager.launch,25,0,45,0,2,2,0,0,1,0,0,0,0,0,0,27,0,10,2,1,0,0,10,0,0,2,0,0,0,0
cob_robots/cob_bringup/robots/cob4-10.launch,323,5,35,83,88,44,9,0,27,0,62,0,33,7,0,176,0,96,64,73,32,0,217,0,0,0,0,71,1,54
guardian_sim/guardian_joystick/launch/guardian_joystick.launch,0,0,5,1,2,2,0,0,0,0,1,0,0,0,0,10,0,0,0,0,0,0,0,0,0,0,0,1,0,0
rocon_app_platform/rocon_app_utilities/tests/test_rapps/indexer/invalid/invalid_child.launch,3,0,2,0,1,1,0,0,0,1,0,0,0,0,0,1,0,0,0,0,0,0,0,0,0,0,0,0,0,0
universal_robot/ur3_moveit_config/launch/demo.launch,34,7,29,8,5,5,0,0,1,0,4,0,2,0,0,13,0,0,20,13,1,0,15,1,0,0,0,9,4,0
mico_common/mico_moveit_config/launch/demo_fjt.launch,31,7,27,8,5,5,0,0,1,0,4,0,2,0,0,14,0,0,16,13,1,0,13,1,0,0,0,9,2,0
cob_robots/cob_bringup/robots/cob4-3.launch,58,5,4,17,17,17,0,0,3,0,4,0,4,2,0,176,0,10,9,16,0,0,32,0,0,0,0,13,1,11
rocon_app_platform/rocon_apps/apps/listener/listener.launch,0,0,0,0,1,1,0,0,0,1,0,0,0,0,0,1,0,0,0,0,0,0,0,0,0,0,0,0,0,0
rocon_app_platform/rocon_app_utilities/tests/test_rapps/rapp/inherity/from_meta/child.launch,3,0,2,0,1,1,0,0,0,1,0,0,0,0,0,1,0,0,0,0,0,0,0,0,0,0,0,0,0,0
kobuki/kobuki_testsuite/launch/gyro_perf.launch,0,0,5,0,1,1,0,0,0,0,0,0,0,0,0,1,0,6,0,0,0,0,0,0,0,0,0,0,0,0
summit_x_sim/summit_x_robot_control/launch/summit_xl_robot_control_vrep.launch,0,0,0,2,1,1,0,0,0,0,0,0,0,0,0,12,0,0,0,0,0,0,0,0,0,0,0,2,0,0
turtlebot/turtlebot_bringup/launch/concert_client.launch,87,0,34,15,14,11,4,0,0,1,0,0,4,0,0,126,0,14,9,12,0,0,48,0,0,0,0,7,1,12
kobuki/kobuki_random_walker/launch/safe_random_walker_app.launch,0,0,4,0,3,1,3,0,0,0,0,0,3,0,0,27,0,11,0,0,0,0,0,0,0,0,0,0,0,0
cob_robots/cob_bringup/robots/cob4-7.launch,369,5,37,99,102,44,9,0,39,0,84,0,35,7,0,176,0,100,78,81,40,0,247,0,0,0,0,81,1,60
rb1_sim/rb1_sim_bringup/launch/gazebo_moveit_trajectory.launch,38,8,35,11,12,11,0,0,1,0,8,0,5,0,0,44,0,4,17,18,1,0,15,1,0,0,0,15,1,0
grizzly/grizzly_teleop/launch/ps3nav_teleop.launch,4,0,8,0,2,2,0,0,0,0,0,0,0,0,0,2,0,1,0,0,0,0,0,0,0,0,0,0,0,0
turtlebot_arm/turtlebot_arm_moveit_config/launch/run_benchmark_ompl.launch,6,0,7,4,2,2,0,0,0,0,1,0,1,0,0,12,0,0,1,3,0,0,2,0,0,1,0,5,1,0
rocon_app_platform/rocon_apps/launch/typing_to_string.launch,0,0,0,0,1,1,0,0,0,0,0,0,0,0,0,1,0,0,0,0,0,0,0,0,0,0,0,0,0,0
sr_core/sr_hand/launch/advanced/sr_realarm_motor.launch,1,0,31,1,12,6,0,0,0,0,0,0,4,0,0,45,0,10,26,2,0,0,0,0,0,0,0,1,15,26
guardian_robot/guardian_node/launch/guardian_roboteq.launch,0,0,6,1,1,1,0,0,0,0,0,0,0,0,0,5,0,0,0,0,0,0,0,0,0,0,0,1,0,0
capabilities/test/rostest/test_server/dependent_capabilities/differential_mobile_base_capability/providers/launch/faux_differential_mobile_base.launch,0,0,0,0,1,1,0,0,0,0,0,0,0,0,0,1,0,0,0,0,0,0,0,0,0,0,0,0,0,0
capabilities/test/rostest/test_server/no_default_provider/no_default_provider_pkg/providers/launch/minimal.launch,0,0,0,0,1,1,0,0,0,0,0,0,0,0,0,1,0,0,0,0,0,0,0,0,0,0,0,0,0,0
rocon_app_platform/rocon_app_utilities/tests/test_rapps/indexer/compat/kobuki_teleop.launch,3,0,2,0,1,1,0,0,0,1,0,0,0,0,0,1,0,0,0,0,0,0,0,0,0,0,0,0,0,0
turtlebot_interactions/turtlebot_rviz_launchers/launch/view_navigation_app.launch,0,0,0,0,1,1,0,0,0,0,0,0,1,0,0,131,0,0,0,0,0,0,0,0,0,0,0,0,0,0
capabilities/test/unit/discovery_workspaces/dependent_capabilities/navigation_capability/providers/launch/faux_navigation.launch,0,0,0,0,1,1,0,0,0,0,0,0,0,0,0,1,0,0,0,0,0,0,0,0,0,0,0,0,0,0
turtlebot_apps/turtlebot_rapps/rapps/video_teleop/video_teleop.launch,28,2,7,2,4,2,2,0,6,2,0,0,10,0,0,126,0,11,7,2,0,0,13,0,0,0,0,2,0,1
cob_driver/cob_voltage_control/ros/launch/csv_processing.launch,1,0,3,1,1,1,0,0,0,0,0,0,0,0,0,35,0,0,0,0,0,0,0,0,0,3,0,1,0,0
summit_sim/summit_joystick_teleop/launch/summit_joy.launch,0,0,5,1,2,2,0,0,0,0,1,0,0,0,0,10,0,0,0,0,0,0,0,0,0,0,0,1,0,0
kobuki/kobuki_capabilities/launch/app_manager_with_capabilities.launch,61,7,15,9,5,5,0,0,0,1,0,0,0,0,0,107,0,4,4,5,0,0,35,0,0,0,2,2,0,2
capabilities/test/unit/discovery_workspaces/minimal/minimal_pkg/providers/launch/slow_to_die.launch,0,0,0,0,1,1,0,0,0,0,0,0,0,0,0,1,0,0,0,0,0,0,0,0,0,0,0,0,0,0
rocon_app_platform/rocon_apps/chirp_apps/lion/lion_chirp.launch,0,0,0,0,1,1,0,0,0,0,0,0,1,0,0,13,0,0,0,0,0,0,0,0,0,0,0,0,0,0
universal_robot/ur10_moveit_config/launch/ur10_moveit_planning_execution.launch,23,5,22,4,1,1,0,0,0,0,1,0,0,0,0,11,0,1,12,8,0,0,8,1,0,0,0,5,2,0
motoman/motoman_sia10f_support/launch/test_sia10f.launch,0,0,2,0,3,3,0,0,0,1,0,0,1,0,0,23,0,0,0,1,0,0,0,0,0,0,0,0,1,0
motoman/motoman_sia10d_support/launch/test_sia10d.launch,0,0,2,0,3,3,0,0,0,1,0,0,1,0,0,23,0,0,0,1,0,0,0,0,0,0,0,0,1,0
sr_core/sr_hand/launch/gazebo/loaders/empty_world.launch,0,0,2,0,2,2,0,0,0,0,2,0,1,0,0,46,0,1,1,0,0,0,0,0,0,0,1,0,0,1
universal_robot/ur10_moveit_config/launch/demo.launch,34,7,29,8,5,5,0,0,1,0,4,0,2,0,0,13,0,0,20,13,1,0,15,1,0,0,0,9,4,0
robotiq/robotiq_s_model_control/launch/s_model_ethercat.launch,4,0,3,0,1,1,0,0,0,0,0,0,0,0,0,1,0,2,0,0,0,0,0,0,0,0,0,0,0,0
rb1_base_sim/rb1_base_purepursuit/launch/purepursuit_marker.launch,0,0,2,0,1,1,0,0,0,0,0,0,0,0,0,1,0,0,0,0,0,0,0,0,0,0,0,0,0,0
kobuki_desktop/kobuki_gazebo/launch/apps/safe_random_walker_app.launch,0,0,4,0,3,1,3,0,0,0,0,0,3,0,0,39,0,11,0,0,0,0,0,0,0,0,0,0,0,0
kobuki/kobuki_node/launch/minimal.launch,1,0,1,2,3,2,2,0,0,0,0,0,2,0,0,70,0,2,0,0,0,0,0,0,0,0,0,2,0,0
motoman/motoman_sia10f_support/launch/robot_interface_streaming_sia10f.launch,2,0,0,1,0,0,0,0,0,0,0,0,0,0,0,23,0,0,0,0,0,0,0,0,0,1,0,1,0,0
turtlebot_interactions/turtlebot_interactive_markers/launch/interactive_markers.launch,0,0,0,1,2,2,1,0,0,0,0,0,1,0,0,127,0,4,0,0,0,0,0,0,0,0,0,1,0,0
turtlebot_interactions/turtlebot_rviz_launchers/launch/view_robot.launch,0,0,0,0,1,1,0,0,0,0,0,0,1,0,0,131,0,0,0,0,0,0,0,0,0,0,0,0,0,0
guardian_robot/guardian_complete/launch/sensors/pixhawk.launch,5,0,8,0,1,1,0,0,0,0,0,0,0,0,0,4,0,2,0,1,0,0,0,0,0,0,0,0,0,0
turtlebot_arm/turtlebot_arm_block_manipulation/demo/block_manipulation_moveit.launch,21,5,24,7,5,5,0,0,0,0,1,0,1,0,0,13,0,0,10,10,1,0,9,1,0,0,0,9,2,0
guardian_robot/guardian_complete/launch/gwam_teleop.launch,0,0,5,1,3,3,0,0,0,0,1,0,0,0,0,11,0,0,0,1,0,0,0,0,0,0,0,1,0,0
capabilities/launch/demo.launch,2,0,2,0,1,1,0,0,0,1,0,0,0,0,0,1,0,0,1,0,0,0,0,1,0,0,0,0,0,0
aubo_robot/aubo_new_driver/launch/aubo_i5_ros_control.launch,5,1,3,1,4,4,0,0,0,0,2,0,2,0,0,19,0,0,2,1,0,0,0,0,0,1,0,1,1,0
rocon_app_platform/rocon_app_utilities/tests/test_rapps/indexer/multi_children/child1.launch,3,0,2,0,1,1,0,0,0,1,0,0,0,0,0,1,0,0,0,0,0,0,0,0,0,0,0,0,0,0
motoman/motoman_sia10f_support/launch/robot_state_visualize_sia10f.launch,2,0,1,1,2,2,0,0,0,1,0,0,1,0,0,23,0,0,0,1,0,0,0,0,0,1,0,1,1,0
sr_vision/sr_point_cloud/launch/triangulator.launch,0,0,0,0,1,1,0,0,0,0,0,0,0,0,0,1,0,0,0,0,0,0,0,0,0,0,0,0,0,0
yujin_ocs/yocs_ar_pair_tracking/launch/server.launch,20,0,5,0,3,3,0,0,0,0,2,0,2,0,0,13,0,4,0,3,0,0,5,0,0,0,0,0,0,0
motoman/motoman_driver/launch/robot_interface_streaming_fs100.launch,10,0,3,0,3,3,0,0,3,0,0,0,0,0,0,18,0,0,6,3,0,0,7,0,0,1,0,0,0,0
rocon_app_platform/rocon_app_utilities/tests/test_rapps/indexer/multi_children/child2.launch,3,0,2,0,1,1,0,0,0,1,0,0,0,0,0,1,0,0,0,0,0,0,0,0,0,0,0,0,0,0
sr_interface/sr_multi_moveit/sr_multi_moveit_config/launch/setup_assistant.launch,2,1,0,0,1,1,0,0,0,0,0,0,1,0,0,1,0,0,2,0,0,0,0,0,0,0,0,0,0,0
kobuki/kobuki_safety_controller/launch/standalone.launch,0,0,0,0,2,1,2,0,0,0,0,0,2,0,0,2,0,7,0,0,0,0,0,0,0,0,0,0,0,0
rbcar_sim/rbcar_sim_bringup/launch/navsat_transform_node.launch,0,0,6,0,1,1,0,0,0,0,1,0,0,0,0,1,0,3,0,0,0,0,0,0,0,0,0,0,0,0
kobuki/kobuki_auto_docking/launch/minimal.launch,0,0,0,1,1,1,1,0,0,0,0,0,1,0,0,41,0,5,0,0,0,0,0,0,0,0,0,1,0,0
cob_robots/cob_bringup/robots/cob4-2.launch,322,5,34,83,87,43,9,0,27,0,61,0,33,7,0,176,0,96,64,72,32,0,216,0,0,0,0,71,1,54
rb1_common/rb1_jaco_3fg_moveit_config/launch/setup_assistant.launch,2,1,0,0,1,1,0,0,0,0,0,0,1,0,0,1,0,0,2,0,0,0,0,0,0,0,0,0,0,0
motoman/motoman_sia20d_moveit_config/launch/demo.launch,30,7,27,8,5,5,0,0,1,0,4,0,2,0,0,32,0,0,16,13,1,0,13,1,0,0,0,11,0,0
motoman/motoman_sia20d_moveit_config/launch/setup_assistant.launch,2,1,0,0,1,1,0,0,0,0,0,0,1,0,0,1,0,0,2,0,0,0,0,0,0,0,0,0,0,0
motoman/motoman_sia20d_support/launch/test_sia20d.launch,0,0,2,0,3,3,0,0,0,1,0,0,1,0,0,23,0,0,0,1,0,0,0,0,0,0,0,0,1,0
turtlebot/turtlebot_bringup/launch/minimal.launch,79,0,24,11,12,9,4,0,0,1,0,0,4,0,0,126,0,11,4,11,0,0,47,0,0,0,0,4,1,12
aubo_robot/aubo_i5_moveit_config/launch/aubo_i5_moveit_planning_execution.launch,20,5,22,4,1,1,0,0,0,0,1,0,0,0,0,9,0,1,10,8,0,0,6,1,0,0,0,5,1,0
rb1_common/rb1_jaco_3fg_moveit_config/launch/demo_rtc.launch,33,8,26,7,4,4,0,0,2,0,4,0,3,0,0,22,0,0,17,13,1,0,14,1,0,0,0,11,0,0
global,4085,266,2675,1060,1418,275,119,0,201,46,560,16,554,46,6,532,0,1009,1179,1015,173,0,2069,23,0,60,26,978,240,652
