Package,Literal PubSub,Other PubSub,Nested PubSub,Literal Service,Other Service,Nested Service,Spinners,Custom Msgs,Params
motoman_driver,1,1,1,1,1,1,1,1,1
robotiq_joint_state_publisher,1,0,0,0,0,0,1,1,1
sr_hand,1,1,1,1,0,0,0,1,1
sr_mechanism_controllers,1,1,1,1,0,0,1,1,1
sr_example,0,1,0,0,0,0,0,1,0
turtlebot_teleop,0,0,0,0,0,0,0,0,0
hand_kinematics,0,0,0,0,0,0,0,0,1
turtlebot_arm_ikfast_plugin,0,0,0,0,0,0,0,0,1
agvs_robot_control,1,1,0,1,0,0,1,1,1
mico_pad,0,0,0,0,0,0,0,0,0
rbcar_robot_control,1,1,0,1,0,0,1,1,1
sr_ronex_hardware_interface,0,0,0,0,0,0,0,0,0
kinova_driver,1,1,0,1,0,0,0,1,1
sr_ronex_examples,0,1,1,0,0,0,1,1,0
cob_frame_tracker,1,0,0,0,0,0,0,0,1
cob_voltage_control,1,0,0,0,0,0,1,1,1
grizzly_teleop,0,0,0,0,0,0,0,0,0
summit_xl_robot_control,1,1,1,1,0,0,1,1,1
cob_gazebo_ros_control,0,1,1,0,0,0,1,0,0
purepursuit_planner,1,1,1,0,0,0,1,1,1
g_ball_pad,0,0,0,0,0,0,1,0,0
cob_twist_controller,1,1,0,0,0,0,1,0,0
roboteq_driver,1,0,0,0,0,0,0,1,1
sr_ur_controller,1,0,0,1,0,0,0,0,1
cob_teleop,1,0,0,0,0,0,1,0,1
cob_collision_velocity_filter,0,1,0,0,0,0,0,0,1
summit_joystick_teleop,0,0,0,0,0,0,0,0,0
cereal_port,0,0,0,0,0,0,0,0,0
cob_image_flip,1,0,1,0,0,0,0,1,1
aubo_control,1,0,0,0,0,0,1,1,0
canopen_motor_node,0,0,0,0,0,0,1,0,0
cob_phidgets,0,1,0,0,0,0,1,0,1
guardian_node,1,0,1,1,0,0,1,1,1
kdl_coupling,0,0,0,0,0,0,0,0,0
socketcan_interface,0,0,0,0,0,0,0,0,0
summit_x_robot_control,1,1,1,1,0,0,1,1,1
robotnik_pp_planner,1,1,1,0,0,0,1,1,1
cob_utilities,0,0,0,0,0,0,0,0,0
ur_kinematics,0,0,0,0,0,0,0,0,1
schunk_sdh,1,0,0,1,0,0,1,1,1
schunk_libm5api,0,0,0,0,0,0,0,0,0
ar_track_alvar,1,1,1,0,0,0,1,1,1
sr_tactile_sensor_controller,0,0,0,0,0,0,0,0,1
cob_camera_sensors,0,0,0,0,0,0,0,0,0
kobuki_controller_tutorial,1,0,0,0,0,0,0,1,0
turtlebot_arm_block_manipulation,1,1,1,0,0,0,0,1,1
cob_cam3d_throttle,1,0,0,0,0,0,0,1,1
create_gazebo_plugins,0,0,0,0,0,0,0,0,0
ros_ethercat_hardware,0,0,0,0,0,0,0,0,0
cob_obstacle_distance,1,0,0,1,0,0,1,1,0
yocs_safety_controller,1,0,0,0,0,0,1,0,0
robotiq_ethercat,0,0,0,0,0,0,0,0,0
sr_hardware_interface,0,0,0,0,0,0,0,0,0
cob_light,1,0,0,1,0,0,1,1,1
sr_utilities,0,0,0,0,0,0,0,0,0
cyberglove_trajectory,1,0,0,0,0,0,0,0,1
cob_canopen_motor,0,0,0,0,0,0,0,0,0
socketcan_bridge,1,0,0,0,0,0,0,1,1
robotiq_action_server,1,0,0,0,0,0,0,1,1
industrial_trajectory_filters,0,0,0,0,0,0,0,0,1
cob_sick_s300,1,0,0,0,0,0,0,0,1
robotiq_cpp_control,0,0,0,0,0,0,0,0,0
sr_ronex_utilities,0,0,0,0,0,0,0,0,0
rb1_torso_pad,0,0,0,0,0,0,1,0,0
industrial_utils,0,0,0,0,0,0,0,0,0
cob_control_mode_adapter,0,1,1,1,0,0,1,0,1
turtlebot_actions,1,0,0,0,0,0,1,0,1
cob_elmo_homing,0,0,0,0,0,0,0,0,0
yocs_diff_drive_pose_controller,1,0,0,0,0,0,0,0,1
robot_localization_utils,1,1,0,0,0,0,1,0,1
turtlebot_navigation,1,0,0,0,0,0,0,0,1
guardian_joystick,0,0,0,0,0,0,0,0,0
kobuki_auto_docking,1,0,0,0,0,0,1,0,0
turtlebot_interactive_markers,1,0,0,0,0,0,0,0,1
sr_ronex_transmissions,0,0,0,0,0,0,0,0,0
kobuki_node,1,0,0,0,0,0,1,1,1
rb1_arm_joystick,0,0,0,0,0,0,0,0,0
yocs_velocity_smoother,1,0,0,0,0,0,1,0,1
sr_ronex_external_protocol,0,0,0,0,0,0,0,0,0
grizzly_base,1,0,0,0,0,0,1,1,1
sr_self_test,1,1,1,1,0,0,1,1,1
canopen_402,0,0,0,0,0,0,0,0,0
cob_footprint_observer,0,0,0,0,0,0,1,0,0
grizzly_motion,1,0,0,0,0,0,0,1,0
aubo_new_driver,1,0,1,1,0,1,1,1,1
cob_omni_drive_controller,1,0,0,1,0,0,0,1,1
turtlebot_description,0,0,0,0,0,0,0,0,0
yocs_ar_pair_tracking,1,1,0,0,0,0,1,1,1
cob_base_velocity_smoother,1,0,0,0,0,0,1,0,1
sr_description,0,0,0,0,0,0,0,0,0
cyberglove,0,1,0,1,0,0,0,0,1
aubo_panel,1,0,0,0,0,0,0,1,0
yocs_keyop,1,0,0,0,0,0,1,0,1
robotiq_force_torque_sensor,1,0,0,1,0,0,0,1,1
yocs_math_toolkit,0,0,0,0,0,0,0,0,0
cob_bms_driver,0,0,0,0,0,0,0,0,0
cob_base_drive_chain,1,0,0,1,0,0,1,1,1
aubo_trajectory_filters,0,0,0,0,0,0,0,0,0
cob_generic_can,0,0,0,0,0,0,0,0,0
libqsopt,0,0,0,0,0,0,0,0,0
cob_scan_unifier,0,0,0,0,0,0,1,0,0
opengm,0,0,0,0,0,0,0,0,0
summit_robot_control,1,1,0,1,0,0,1,1,1
cob_sound,1,0,0,1,0,0,0,0,1
yocs_controllers,0,0,0,0,0,0,0,0,0
rb1_base_pad,0,0,0,0,0,0,1,0,0
cob_cartesian_controller,1,0,0,0,0,0,0,0,0
yocs_ar_marker_tracking,1,0,0,0,0,0,0,1,1
libntcan,0,0,0,0,0,0,0,0,0
cob_relayboard,1,0,0,0,0,0,1,1,0
grizzly_gazebo_plugins,0,0,0,0,0,0,0,0,0
cob_interactive_teleop,0,1,0,0,0,0,0,0,1
cob_vision_utils,0,0,0,0,0,0,0,0,0
turtlebot_panorama,1,0,0,1,0,0,1,0,0
libpcan,0,0,0,0,0,0,0,0,0
sr_robot_lib,0,0,0,1,0,0,1,0,1
aubo_driver,0,0,0,0,0,0,0,0,0
cob_undercarriage_ctrl_node,1,0,0,0,0,0,0,1,1
yocs_joyop,1,0,0,0,0,0,0,0,1
robotiq_s_model_control,1,0,0,0,0,0,1,1,1
omni_drive_controller,1,1,0,0,0,0,0,0,1
rbcar_joystick,0,0,0,0,0,0,0,0,0
rbcar_navigation,1,0,0,0,0,0,1,0,0
robotiq_c_model_control,1,0,0,0,0,0,1,1,1
sr_gazebo_sim,0,0,0,0,0,0,0,0,0
ros_ethercat_eml,0,0,0,0,0,0,0,0,0
cob_head_axis,1,0,0,1,0,0,1,1,1
robotiq_s_model_articulated_gazebo_plugins,0,0,0,0,0,0,0,0,0
simple_message,0,0,0,0,0,0,0,0,0
ros_ethercat_loop,0,0,0,0,0,0,1,0,1
libphidgets,0,0,0,0,0,0,0,0,0
libconcorde_tsp_solver,0,0,0,0,0,0,0,0,0
cob_trajectory_controller,1,0,0,1,0,0,1,1,1
kobuki_driver,0,0,0,0,0,0,0,0,0
sr_multi_moveit_test,0,0,0,0,0,0,0,0,0
schunk_powercube_chain,1,0,0,1,0,0,1,1,1
libdlib,0,0,0,0,0,0,0,0,0
kobuki_ftdi,0,0,0,0,0,0,0,0,0
sr_tactile_sensors,0,0,0,0,0,0,0,0,0
sr_external_dependencies,0,0,0,0,0,0,0,0,0
canopen_chain_node,0,0,0,1,0,0,0,0,1
yocs_waypoint_provider,1,0,0,1,0,0,0,1,0
turtlebot_follower,1,0,0,1,0,0,0,0,1
grizzly_msgs,0,0,0,0,0,0,0,0,0
sr_ronex_drivers,0,1,0,0,0,0,0,1,0
canopen_master,0,0,0,0,0,0,0,0,0
yocs_navigator,0,1,0,0,0,0,1,1,1
aubo_kinematics,0,0,0,0,0,0,0,0,1
sr_edc_ethercat_drivers,0,0,0,0,0,0,0,0,0
kobuki_safety_controller,1,0,0,0,0,0,1,1,1
cob_undercarriage_ctrl,1,0,0,0,0,0,0,1,1
kobuki_keyop,1,0,0,0,0,0,1,1,1
sr_ronex_controllers,0,1,0,0,1,0,0,1,1
cob_model_identifier,0,0,0,0,0,0,0,0,0
cob_object_detection_visualizer,1,0,1,0,0,0,0,1,1
sr_mechanism_model,0,0,0,0,0,0,0,0,0
rbcar_pad,0,0,0,0,0,0,0,0,0
industrial_robot_client,1,0,0,1,0,0,0,1,1
ros_ethercat_model,0,0,0,0,0,0,1,0,1
guardian_robot_control,1,1,0,1,0,0,1,1,1
kobuki_bumper2pc,1,0,0,0,0,0,0,1,1
cob_sick_lms1xx,0,0,0,0,0,0,0,0,0
guardian_pad,0,0,0,0,0,0,1,0,0
yocs_cmd_vel_mux,1,1,1,0,0,0,0,1,1
sr_remappers,0,1,0,0,0,0,0,1,1
turtlebot_arm_kinect_calibration,1,0,0,0,0,0,1,1,1
kobuki_gazebo_plugins,0,1,0,0,0,0,1,1,1
agvs_pad,0,0,0,0,0,0,0,0,0
yocs_virtual_sensor,1,0,0,0,0,0,1,1,1
kobuki_random_walker,1,0,0,0,0,0,1,1,1
sr_point_cloud,1,0,0,1,0,0,0,1,1
kobuki_dock_drive,0,0,0,0,0,0,0,0,0
sr_movements,1,1,1,0,0,0,0,1,0
aubo_trajectory,1,0,0,0,0,0,1,1,0
yocs_waypoints_navi,1,0,0,0,0,0,1,1,1
