Package,Total Read Parameters,Hard-coded Parameters,Global Parameters,Uses Default Value,Total Modified Parameters
motoman_driver,19,19,0,19,0
robotiq_joint_state_publisher,1,1,0,1,0
sr_hand,17,10,0,10,0
sr_mechanism_controllers,26,25,0,25,37
yocs_navigator,1,1,0,1,0
turtlebot_teleop,0,0,0,0,0
hand_kinematics,2,2,0,2,0
turtlebot_arm_ikfast_plugin,3,2,0,2,0
agvs_robot_control,11,11,0,11,0
mico_pad,0,0,0,0,0
rbcar_robot_control,13,13,0,13,0
kinova_driver,43,43,0,42,0
sr_ronex_examples,0,0,0,0,0
sr_example,0,0,0,0,0
cob_voltage_control,6,6,0,6,0
grizzly_teleop,0,0,0,0,0
summit_xl_robot_control,40,40,0,40,0
cob_gazebo_ros_control,0,0,0,0,0
purepursuit_planner,9,9,0,9,0
g_ball_pad,0,0,0,0,0
cob_twist_controller,0,0,0,0,0
roboteq_driver,3,3,0,2,0
cob_teleop,4,4,0,4,0
aubo_kinematics,5,4,0,3,0
summit_joystick_teleop,0,0,0,0,0
cereal_port,0,0,0,0,0
cob_image_flip,14,14,0,14,0
aubo_control,0,0,0,0,0
canopen_motor_node,0,0,0,0,0
cob_phidgets,3,3,0,3,0
guardian_node,34,34,0,34,0
kdl_coupling,0,0,0,0,0
socketcan_interface,0,0,0,0,0
summit_x_robot_control,47,47,0,47,0
cob_utilities,0,0,0,0,0
schunk_sdh,31,31,0,27,0
schunk_libm5api,0,0,0,0,0
cob_base_velocity_smoother,4,4,0,4,0
sr_tactile_sensor_controller,1,1,0,1,0
kobuki_controller_tutorial,0,0,0,0,0
turtlebot_arm_block_manipulation,8,8,0,8,0
cob_cam3d_throttle,1,1,0,0,0
ros_ethercat_hardware,0,0,0,0,0
cob_obstacle_distance,0,0,0,0,0
yocs_safety_controller,0,0,0,0,0
cob_light,11,11,0,10,0
sr_utilities,0,0,0,0,0
cyberglove_trajectory,11,9,0,8,0
cob_canopen_motor,0,0,0,0,0
socketcan_bridge,6,6,0,6,0
kobuki_bumper2pc,4,4,0,4,0
cob_sick_s300,9,9,0,9,0
robotiq_cpp_control,0,0,0,0,0
sr_ronex_utilities,0,0,0,0,0
rb1_torso_pad,0,0,0,0,0
robotiq_s_model_articulated_gazebo_plugins,0,0,0,0,0
cob_control_mode_adapter,4,3,0,3,0
turtlebot_actions,4,4,0,4,0
cob_elmo_homing,0,0,0,0,0
yocs_diff_drive_pose_controller,1,1,0,0,0
robot_localization_utils,9,9,0,8,0
turtlebot_navigation,2,2,0,2,0
guardian_joystick,0,0,0,0,0
kobuki_auto_docking,0,0,0,0,0
sr_ronex_transmissions,0,0,0,0,0
yocs_velocity_smoother,3,3,0,3,0
kobuki_node,7,7,0,7,0
guardian_pad,0,0,0,0,0
cob_sound,5,5,0,5,0
yocs_ar_marker_tracking,7,7,0,7,0
grizzly_base,3,3,0,3,0
sr_self_test,1,1,0,0,0
canopen_402,0,0,0,0,0
cob_footprint_observer,0,0,0,0,0
grizzly_motion,0,0,0,0,0
aubo_new_driver,1,1,0,0,0
yocs_ar_pair_tracking,8,8,0,8,0
sr_remappers,12,0,0,0,0
yocs_keyop,5,5,0,0,0
robotiq_force_torque_sensor,2,2,0,2,0
yocs_math_toolkit,0,0,0,0,0
cob_bms_driver,0,0,0,0,0
aubo_trajectory_filters,0,0,0,0,0
cob_generic_can,0,0,0,0,0
cob_scan_unifier,0,0,0,0,0
summit_robot_control,21,21,0,21,0
rb1_base_pad,0,0,0,0,0
cob_cartesian_controller,0,0,0,0,0
cyberglove,18,14,0,14,0
cob_relayboard,0,0,0,0,0
grizzly_gazebo_plugins,0,0,0,0,0
cob_interactive_teleop,7,0,0,0,0
cob_omni_drive_controller,9,9,0,8,0
turtlebot_panorama,0,0,0,0,0
sr_robot_lib,1,1,0,0,0
aubo_driver,0,0,0,0,0
cob_undercarriage_ctrl_node,8,8,0,4,0
yocs_joyop,9,9,0,9,0
robotiq_s_model_control,3,3,0,3,0
omni_drive_controller,15,12,0,12,0
rbcar_joystick,0,0,0,0,0
rbcar_navigation,0,0,0,0,0
robotiq_c_model_control,3,3,0,3,0
sr_gazebo_sim,0,0,0,0,0
guardian_robot_control,13,13,0,13,0
cob_head_axis,12,12,1,11,1
ros_ethercat_model,2,2,0,2,0
ros_ethercat_loop,2,2,0,2,0
turtlebot_arm_kinect_calibration,10,10,0,10,0
kobuki_driver,0,0,0,0,0
schunk_powercube_chain,11,11,1,0,0
kobuki_ftdi,0,0,0,0,0
canopen_chain_node,18,18,0,10,0
yocs_waypoint_provider,0,0,0,0,0
turtlebot_follower,9,9,0,0,0
sr_ronex_drivers,0,0,0,0,0
canopen_master,0,0,0,0,0
cob_collision_velocity_filter,5,5,0,5,0
sr_edc_ethercat_drivers,0,0,0,0,0
kobuki_safety_controller,1,1,0,1,0
cob_undercarriage_ctrl,5,5,0,0,0
kobuki_keyop,5,5,0,0,0
sr_ronex_controllers,7,7,0,5,0
cob_model_identifier,0,0,0,0,0
sr_mechanism_model,0,0,0,0,0
rbcar_pad,0,0,0,0,0
industrial_robot_client,9,9,0,9,0
robotiq_action_server,6,6,0,6,0
cob_sick_lms1xx,0,0,0,0,0
rb1_arm_joystick,0,0,0,0,0
yocs_cmd_vel_mux,1,1,0,0,0
cob_base_drive_chain,4,4,0,2,0
cob_frame_tracker,3,3,0,1,0
cob_trajectory_controller,7,7,0,0,0
agvs_pad,0,0,0,0,0
yocs_virtual_sensor,12,12,0,9,0
kobuki_random_walker,3,3,0,3,0
kobuki_dock_drive,0,0,0,0,0
sr_movements,0,0,0,0,0
aubo_trajectory,0,0,0,0,0
yocs_waypoints_navi,5,5,0,5,0
