Package,Total Services,Literal Services,Reference Services,Function Call Services,Operator Services,Param Services,Global Services,Service Servers,Repeating Servers,Function Callbacks,Method Callbacks,Boost Function Callbacks,Median Control Nesting,Min. Control Nesting,Max. Control Nesting,Service Clients,Repeating Clients,Median Client Control Nesting,Min. Client Control Nesting,Max. Client Control Nesting
motoman_driver,12,8,0,4,0,0,0,12,6,0,12,0,0.0,0,1,0,,,,2
sr_hand,1,1,0,0,0,0,0,0,0,0,0,0,,,,1,0,0,0,0
sr_mechanism_controllers,13,13,0,0,0,0,0,11,9,0,11,0,0,0,0,2,0,1.0,1,1
yocs_navigator,1,0,0,0,0,0,0,0,0,0,0,0,,,,1,0,0,0,0
hand_kinematics,2,0,0,0,0,0,0,0,0,0,0,0,,,,2,0,0.0,0,0
agvs_robot_control,3,3,0,0,0,0,0,3,0,0,3,0,0,0,0,0,,,,3
rbcar_robot_control,1,1,0,0,0,0,0,1,0,0,1,0,0,0,0,0,,,,1
kinova_driver,7,7,0,0,0,0,0,7,0,0,7,0,0,0,0,0,,,,7
summit_xl_robot_control,6,6,0,0,0,0,1,6,2,0,6,0,0.0,0,0,0,,,,4
guardian_node,4,4,0,0,0,0,3,4,0,4,0,0,0.0,0,0,0,,,,4
summit_x_robot_control,6,6,0,0,0,0,0,6,3,0,6,0,0.0,0,0,0,,,,3
schunk_sdh,8,8,0,0,0,0,0,8,0,0,8,0,0.0,0,0,0,,,,8
cob_obstacle_distance,1,1,0,0,0,0,0,1,0,0,1,0,0,0,0,0,,,,1
cob_light,2,2,0,0,0,0,0,2,0,0,2,0,0.0,0,0,0,,,,2
cob_control_mode_adapter,2,2,0,0,0,0,0,0,0,0,0,0,,,,2,0,1.0,1,1
cob_sound,5,5,0,0,0,0,0,5,0,0,5,0,0,0,0,0,,,,5
sr_self_test,1,1,0,0,0,0,0,0,0,0,0,0,,,,1,0,0,0,0
aubo_new_driver,1,1,0,0,0,0,0,1,0,0,1,0,1,1,1,0,,,,1
robotiq_force_torque_sensor,2,2,0,0,0,0,0,1,0,1,0,0,0,0,0,1,0,0,0,0
summit_robot_control,3,3,0,0,0,0,0,3,0,0,3,0,0,0,0,0,,,,3
cyberglove,4,4,0,0,0,0,0,4,2,0,4,0,0.0,0,0,0,,,,2
cob_omni_drive_controller,2,2,0,0,0,0,0,1,0,0,1,0,0,0,0,1,0,0,0,0
turtlebot_panorama,1,1,0,0,0,0,0,1,0,0,1,0,0,0,0,0,,,,1
sr_robot_lib,2,1,0,0,0,0,0,0,0,0,0,0,,,,2,0,2.0,1,3
guardian_robot_control,3,3,0,0,0,0,0,3,0,0,3,0,0,0,0,0,,,,3
cob_head_axis,5,5,0,0,0,0,0,5,0,0,5,0,0,0,0,0,,,,5
schunk_powercube_chain,4,4,0,0,0,0,0,4,0,0,4,0,0.0,0,0,0,,,,4
canopen_chain_node,12,12,0,0,0,0,0,12,6,0,12,0,0.0,0,0,0,,,,6
yocs_waypoint_provider,1,1,0,0,0,0,0,1,0,0,1,0,0,0,0,0,,,,1
turtlebot_follower,1,1,0,0,0,0,0,1,0,0,1,0,0,0,0,0,,,,1
sr_ronex_controllers,1,0,0,1,0,0,0,1,0,0,0,1,0,0,0,0,,,,0
industrial_robot_client,4,4,0,0,0,0,0,4,2,0,4,0,0.0,0,0,0,,,,2
cob_base_drive_chain,10,10,0,0,0,0,0,10,5,0,10,0,0.0,0,0,0,,,,5
cob_trajectory_controller,4,4,0,0,0,0,0,3,0,0,3,0,0,0,0,1,0,0,0,0
