Package,Spinner,Total,Literal,Reference,Function Call,Operator,Parameter,Median Value,Min. Value,Max. Value
motoman_driver,Rate,0,0,0,0,0,0,,,
motoman_driver,WallRate,0,0,0,0,0,0,,,
motoman_driver,Duration,1,1,0,0,0,0,0.0,0.0,0.0
motoman_driver,WallDuration,0,0,0,0,0,0,,,
motoman_driver,Total,1,1,0,0,0,0,0.0,0.0,0.0
robotiq_joint_state_publisher,Rate,1,1,0,0,0,0,20,20,20
robotiq_joint_state_publisher,WallRate,0,0,0,0,0,0,,,
robotiq_joint_state_publisher,Duration,0,0,0,0,0,0,,,
robotiq_joint_state_publisher,WallDuration,0,0,0,0,0,0,,,
robotiq_joint_state_publisher,Total,1,1,0,0,0,0,20,20,20
sr_hand,Rate,0,0,0,0,0,0,,,
sr_hand,WallRate,0,0,0,0,0,0,,,
sr_hand,Duration,0,0,0,0,0,0,,,
sr_hand,WallDuration,0,0,0,0,0,0,,,
sr_hand,Total,0,0,0,0,0,0,,,
sr_mechanism_controllers,Rate,2,2,0,0,0,0,1.0,1.0,1.0
sr_mechanism_controllers,WallRate,0,0,0,0,0,0,,,
sr_mechanism_controllers,Duration,5,3,2,0,0,0,0.0,0.0,0.0
sr_mechanism_controllers,WallDuration,0,0,0,0,0,0,,,
sr_mechanism_controllers,Total,7,5,2,0,0,0,0.0,0.0,1.0
yocs_navigator,Rate,1,1,0,0,0,0,2,2,2
yocs_navigator,WallRate,0,0,0,0,0,0,,,
yocs_navigator,Duration,0,0,0,0,0,0,,,
yocs_navigator,WallDuration,0,0,0,0,0,0,,,
yocs_navigator,Total,1,1,0,0,0,0,2,2,2
turtlebot_teleop,Rate,0,0,0,0,0,0,,,
turtlebot_teleop,WallRate,0,0,0,0,0,0,,,
turtlebot_teleop,Duration,0,0,0,0,0,0,,,
turtlebot_teleop,WallDuration,0,0,0,0,0,0,,,
turtlebot_teleop,Total,0,0,0,0,0,0,,,
hand_kinematics,Rate,0,0,0,0,0,0,,,
hand_kinematics,WallRate,0,0,0,0,0,0,,,
hand_kinematics,Duration,0,0,0,0,0,0,,,
hand_kinematics,WallDuration,0,0,0,0,0,0,,,
hand_kinematics,Total,0,0,0,0,0,0,,,
turtlebot_arm_ikfast_plugin,Rate,0,0,0,0,0,0,,,
turtlebot_arm_ikfast_plugin,WallRate,0,0,0,0,0,0,,,
turtlebot_arm_ikfast_plugin,Duration,0,0,0,0,0,0,,,
turtlebot_arm_ikfast_plugin,WallDuration,0,0,0,0,0,0,,,
turtlebot_arm_ikfast_plugin,Total,0,0,0,0,0,0,,,
agvs_robot_control,Rate,1,0,1,0,0,0,,,
agvs_robot_control,WallRate,0,0,0,0,0,0,,,
agvs_robot_control,Duration,0,0,0,0,0,0,,,
agvs_robot_control,WallDuration,0,0,0,0,0,0,,,
agvs_robot_control,Total,1,0,1,0,0,0,,,
mico_pad,Rate,0,0,0,0,0,0,,,
mico_pad,WallRate,0,0,0,0,0,0,,,
mico_pad,Duration,0,0,0,0,0,0,,,
mico_pad,WallDuration,0,0,0,0,0,0,,,
mico_pad,Total,0,0,0,0,0,0,,,
rbcar_robot_control,Rate,1,0,1,0,0,0,,,
rbcar_robot_control,WallRate,0,0,0,0,0,0,,,
rbcar_robot_control,Duration,0,0,0,0,0,0,,,
rbcar_robot_control,WallDuration,0,0,0,0,0,0,,,
rbcar_robot_control,Total,1,0,1,0,0,0,,,
kinova_driver,Rate,0,0,0,0,0,0,,,
kinova_driver,WallRate,0,0,0,0,0,0,,,
kinova_driver,Duration,0,0,0,0,0,0,,,
kinova_driver,WallDuration,0,0,0,0,0,0,,,
kinova_driver,Total,0,0,0,0,0,0,,,
sr_ronex_examples,Rate,4,4,0,0,0,0,10.0,10,100
sr_ronex_examples,WallRate,0,0,0,0,0,0,,,
sr_ronex_examples,Duration,0,0,0,0,0,0,,,
sr_ronex_examples,WallDuration,0,0,0,0,0,0,,,
sr_ronex_examples,Total,4,4,0,0,0,0,10.0,10,100
sr_example,Rate,0,0,0,0,0,0,,,
sr_example,WallRate,0,0,0,0,0,0,,,
sr_example,Duration,0,0,0,0,0,0,,,
sr_example,WallDuration,0,0,0,0,0,0,,,
sr_example,Total,0,0,0,0,0,0,,,
cob_voltage_control,Rate,1,1,0,0,0,0,20,20,20
cob_voltage_control,WallRate,0,0,0,0,0,0,,,
cob_voltage_control,Duration,0,0,0,0,0,0,,,
cob_voltage_control,WallDuration,0,0,0,0,0,0,,,
cob_voltage_control,Total,1,1,0,0,0,0,20,20,20
grizzly_teleop,Rate,0,0,0,0,0,0,,,
grizzly_teleop,WallRate,0,0,0,0,0,0,,,
grizzly_teleop,Duration,0,0,0,0,0,0,,,
grizzly_teleop,WallDuration,0,0,0,0,0,0,,,
grizzly_teleop,Total,0,0,0,0,0,0,,,
summit_xl_robot_control,Rate,2,0,2,0,0,0,,,
summit_xl_robot_control,WallRate,0,0,0,0,0,0,,,
summit_xl_robot_control,Duration,0,0,0,0,0,0,,,
summit_xl_robot_control,WallDuration,0,0,0,0,0,0,,,
summit_xl_robot_control,Total,2,0,2,0,0,0,,,
cob_gazebo_ros_control,Rate,0,0,0,0,0,0,,,
cob_gazebo_ros_control,WallRate,0,0,0,0,0,0,,,
cob_gazebo_ros_control,Duration,2,0,1,1,0,0,,,
cob_gazebo_ros_control,WallDuration,0,0,0,0,0,0,,,
cob_gazebo_ros_control,Total,2,0,1,1,0,0,,,
purepursuit_planner,Rate,1,0,1,0,0,0,,,
purepursuit_planner,WallRate,0,0,0,0,0,0,,,
purepursuit_planner,Duration,0,0,0,0,0,0,,,
purepursuit_planner,WallDuration,0,0,0,0,0,0,,,
purepursuit_planner,Total,1,0,1,0,0,0,,,
g_ball_pad,Rate,1,1,0,0,0,0,50.0,50.0,50.0
g_ball_pad,WallRate,0,0,0,0,0,0,,,
g_ball_pad,Duration,0,0,0,0,0,0,,,
g_ball_pad,WallDuration,0,0,0,0,0,0,,,
g_ball_pad,Total,1,1,0,0,0,0,50.0,50.0,50.0
cob_twist_controller,Rate,3,3,0,0,0,0,100.0,50.0,100.0
cob_twist_controller,WallRate,0,0,0,0,0,0,,,
cob_twist_controller,Duration,9,0,9,0,0,0,,,
cob_twist_controller,WallDuration,0,0,0,0,0,0,,,
cob_twist_controller,Total,12,3,9,0,0,0,100.0,50.0,100.0
roboteq_driver,Rate,0,0,0,0,0,0,,,
roboteq_driver,WallRate,0,0,0,0,0,0,,,
roboteq_driver,Duration,0,0,0,0,0,0,,,
roboteq_driver,WallDuration,0,0,0,0,0,0,,,
roboteq_driver,Total,0,0,0,0,0,0,,,
cob_teleop,Rate,1,0,1,0,0,0,,,
cob_teleop,WallRate,0,0,0,0,0,0,,,
cob_teleop,Duration,0,0,0,0,0,0,,,
cob_teleop,WallDuration,0,0,0,0,0,0,,,
cob_teleop,Total,1,0,1,0,0,0,,,
aubo_kinematics,Rate,0,0,0,0,0,0,,,
aubo_kinematics,WallRate,0,0,0,0,0,0,,,
aubo_kinematics,Duration,0,0,0,0,0,0,,,
aubo_kinematics,WallDuration,0,0,0,0,0,0,,,
aubo_kinematics,Total,0,0,0,0,0,0,,,
summit_joystick_teleop,Rate,0,0,0,0,0,0,,,
summit_joystick_teleop,WallRate,0,0,0,0,0,0,,,
summit_joystick_teleop,Duration,0,0,0,0,0,0,,,
summit_joystick_teleop,WallDuration,0,0,0,0,0,0,,,
summit_joystick_teleop,Total,0,0,0,0,0,0,,,
cereal_port,Rate,0,0,0,0,0,0,,,
cereal_port,WallRate,0,0,0,0,0,0,,,
cereal_port,Duration,0,0,0,0,0,0,,,
cereal_port,WallDuration,0,0,0,0,0,0,,,
cereal_port,Total,0,0,0,0,0,0,,,
cob_image_flip,Rate,0,0,0,0,0,0,,,
cob_image_flip,WallRate,0,0,0,0,0,0,,,
cob_image_flip,Duration,0,0,0,0,0,0,,,
cob_image_flip,WallDuration,0,0,0,0,0,0,,,
cob_image_flip,Total,0,0,0,0,0,0,,,
aubo_control,Rate,2,2,0,0,0,0,15.0,10,20
aubo_control,WallRate,0,0,0,0,0,0,,,
aubo_control,Duration,0,0,0,0,0,0,,,
aubo_control,WallDuration,0,0,0,0,0,0,,,
aubo_control,Total,2,2,0,0,0,0,15.0,10,20
canopen_motor_node,Rate,0,0,0,0,0,0,,,
canopen_motor_node,WallRate,0,0,0,0,0,0,,,
canopen_motor_node,Duration,1,1,0,0,0,0,0.0,0.0,0.0
canopen_motor_node,WallDuration,0,0,0,0,0,0,,,
canopen_motor_node,Total,1,1,0,0,0,0,0.0,0.0,0.0
cob_phidgets,Rate,2,1,1,0,0,1,10,10,10
cob_phidgets,WallRate,0,0,0,0,0,0,,,
cob_phidgets,Duration,0,0,0,0,0,0,,,
cob_phidgets,WallDuration,0,0,0,0,0,0,,,
cob_phidgets,Total,2,1,1,0,0,1,10,10,10
guardian_node,Rate,2,1,1,0,0,1,15.0,15.0,15.0
guardian_node,WallRate,0,0,0,0,0,0,,,
guardian_node,Duration,0,0,0,0,0,0,,,
guardian_node,WallDuration,0,0,0,0,0,0,,,
guardian_node,Total,2,1,1,0,0,1,15.0,15.0,15.0
kdl_coupling,Rate,0,0,0,0,0,0,,,
kdl_coupling,WallRate,0,0,0,0,0,0,,,
kdl_coupling,Duration,0,0,0,0,0,0,,,
kdl_coupling,WallDuration,0,0,0,0,0,0,,,
kdl_coupling,Total,0,0,0,0,0,0,,,
socketcan_interface,Rate,0,0,0,0,0,0,,,
socketcan_interface,WallRate,0,0,0,0,0,0,,,
socketcan_interface,Duration,0,0,0,0,0,0,,,
socketcan_interface,WallDuration,0,0,0,0,0,0,,,
socketcan_interface,Total,0,0,0,0,0,0,,,
summit_x_robot_control,Rate,2,0,2,0,0,0,,,
summit_x_robot_control,WallRate,0,0,0,0,0,0,,,
summit_x_robot_control,Duration,0,0,0,0,0,0,,,
summit_x_robot_control,WallDuration,0,0,0,0,0,0,,,
summit_x_robot_control,Total,2,0,2,0,0,0,,,
cob_utilities,Rate,0,0,0,0,0,0,,,
cob_utilities,WallRate,0,0,0,0,0,0,,,
cob_utilities,Duration,0,0,0,0,0,0,,,
cob_utilities,WallDuration,0,0,0,0,0,0,,,
cob_utilities,Total,0,0,0,0,0,0,,,
schunk_sdh,Rate,2,0,2,0,0,2,,,
schunk_sdh,WallRate,0,0,0,0,0,0,,,
schunk_sdh,Duration,0,0,0,0,0,0,,,
schunk_sdh,WallDuration,0,0,0,0,0,0,,,
schunk_sdh,Total,2,0,2,0,0,2,,,
schunk_libm5api,Rate,0,0,0,0,0,0,,,
schunk_libm5api,WallRate,0,0,0,0,0,0,,,
schunk_libm5api,Duration,0,0,0,0,0,0,,,
schunk_libm5api,WallDuration,0,0,0,0,0,0,,,
schunk_libm5api,Total,0,0,0,0,0,0,,,
cob_base_velocity_smoother,Rate,3,1,1,1,0,0,100,100,100
cob_base_velocity_smoother,WallRate,0,0,0,0,0,0,,,
cob_base_velocity_smoother,Duration,0,0,0,0,0,0,,,
cob_base_velocity_smoother,WallDuration,0,0,0,0,0,0,,,
cob_base_velocity_smoother,Total,3,1,1,1,0,0,100,100,100
sr_tactile_sensor_controller,Rate,0,0,0,0,0,0,,,
sr_tactile_sensor_controller,WallRate,0,0,0,0,0,0,,,
sr_tactile_sensor_controller,Duration,0,0,0,0,0,0,,,
sr_tactile_sensor_controller,WallDuration,0,0,0,0,0,0,,,
sr_tactile_sensor_controller,Total,0,0,0,0,0,0,,,
kobuki_controller_tutorial,Rate,0,0,0,0,0,0,,,
kobuki_controller_tutorial,WallRate,0,0,0,0,0,0,,,
kobuki_controller_tutorial,Duration,0,0,0,0,0,0,,,
kobuki_controller_tutorial,WallDuration,0,0,0,0,0,0,,,
kobuki_controller_tutorial,Total,0,0,0,0,0,0,,,
turtlebot_arm_block_manipulation,Rate,0,0,0,0,0,0,,,
turtlebot_arm_block_manipulation,WallRate,0,0,0,0,0,0,,,
turtlebot_arm_block_manipulation,Duration,0,0,0,0,0,0,,,
turtlebot_arm_block_manipulation,WallDuration,0,0,0,0,0,0,,,
turtlebot_arm_block_manipulation,Total,0,0,0,0,0,0,,,
cob_cam3d_throttle,Rate,0,0,0,0,0,0,,,
cob_cam3d_throttle,WallRate,0,0,0,0,0,0,,,
cob_cam3d_throttle,Duration,0,0,0,0,0,0,,,
cob_cam3d_throttle,WallDuration,0,0,0,0,0,0,,,
cob_cam3d_throttle,Total,0,0,0,0,0,0,,,
ros_ethercat_hardware,Rate,0,0,0,0,0,0,,,
ros_ethercat_hardware,WallRate,0,0,0,0,0,0,,,
ros_ethercat_hardware,Duration,0,0,0,0,0,0,,,
ros_ethercat_hardware,WallDuration,0,0,0,0,0,0,,,
ros_ethercat_hardware,Total,0,0,0,0,0,0,,,
cob_obstacle_distance,Rate,1,1,0,0,0,0,20,20,20
cob_obstacle_distance,WallRate,0,0,0,0,0,0,,,
cob_obstacle_distance,Duration,0,0,0,0,0,0,,,
cob_obstacle_distance,WallDuration,0,0,0,0,0,0,,,
cob_obstacle_distance,Total,1,1,0,0,0,0,20,20,20
yocs_safety_controller,Rate,1,1,0,0,0,0,10,10,10
yocs_safety_controller,WallRate,0,0,0,0,0,0,,,
yocs_safety_controller,Duration,0,0,0,0,0,0,,,
yocs_safety_controller,WallDuration,0,0,0,0,0,0,,,
yocs_safety_controller,Total,1,1,0,0,0,0,10,10,10
cob_light,Rate,3,0,3,0,0,0,,,
cob_light,WallRate,0,0,0,0,0,0,,,
cob_light,Duration,3,0,0,3,0,0,,,
cob_light,WallDuration,0,0,0,0,0,0,,,
cob_light,Total,6,0,3,3,0,0,,,
sr_utilities,Rate,0,0,0,0,0,0,,,
sr_utilities,WallRate,0,0,0,0,0,0,,,
sr_utilities,Duration,0,0,0,0,0,0,,,
sr_utilities,WallDuration,0,0,0,0,0,0,,,
sr_utilities,Total,0,0,0,0,0,0,,,
cyberglove_trajectory,Rate,0,0,0,0,0,0,,,
cyberglove_trajectory,WallRate,0,0,0,0,0,0,,,
cyberglove_trajectory,Duration,0,0,0,0,0,0,,,
cyberglove_trajectory,WallDuration,0,0,0,0,0,0,,,
cyberglove_trajectory,Total,0,0,0,0,0,0,,,
cob_canopen_motor,Rate,0,0,0,0,0,0,,,
cob_canopen_motor,WallRate,0,0,0,0,0,0,,,
cob_canopen_motor,Duration,0,0,0,0,0,0,,,
cob_canopen_motor,WallDuration,0,0,0,0,0,0,,,
cob_canopen_motor,Total,0,0,0,0,0,0,,,
socketcan_bridge,Rate,0,0,0,0,0,0,,,
socketcan_bridge,WallRate,0,0,0,0,0,0,,,
socketcan_bridge,Duration,0,0,0,0,0,0,,,
socketcan_bridge,WallDuration,0,0,0,0,0,0,,,
socketcan_bridge,Total,0,0,0,0,0,0,,,
kobuki_bumper2pc,Rate,0,0,0,0,0,0,,,
kobuki_bumper2pc,WallRate,0,0,0,0,0,0,,,
kobuki_bumper2pc,Duration,0,0,0,0,0,0,,,
kobuki_bumper2pc,WallDuration,0,0,0,0,0,0,,,
kobuki_bumper2pc,Total,0,0,0,0,0,0,,,
cob_sick_s300,Rate,0,0,0,0,0,0,,,
cob_sick_s300,WallRate,0,0,0,0,0,0,,,
cob_sick_s300,Duration,0,0,0,0,0,0,,,
cob_sick_s300,WallDuration,0,0,0,0,0,0,,,
cob_sick_s300,Total,0,0,0,0,0,0,,,
robotiq_cpp_control,Rate,0,0,0,0,0,0,,,
robotiq_cpp_control,WallRate,0,0,0,0,0,0,,,
robotiq_cpp_control,Duration,0,0,0,0,0,0,,,
robotiq_cpp_control,WallDuration,0,0,0,0,0,0,,,
robotiq_cpp_control,Total,0,0,0,0,0,0,,,
sr_ronex_utilities,Rate,0,0,0,0,0,0,,,
sr_ronex_utilities,WallRate,0,0,0,0,0,0,,,
sr_ronex_utilities,Duration,0,0,0,0,0,0,,,
sr_ronex_utilities,WallDuration,0,0,0,0,0,0,,,
sr_ronex_utilities,Total,0,0,0,0,0,0,,,
rb1_torso_pad,Rate,1,1,0,0,0,0,50.0,50.0,50.0
rb1_torso_pad,WallRate,0,0,0,0,0,0,,,
rb1_torso_pad,Duration,0,0,0,0,0,0,,,
rb1_torso_pad,WallDuration,0,0,0,0,0,0,,,
rb1_torso_pad,Total,1,1,0,0,0,0,50.0,50.0,50.0
robotiq_s_model_articulated_gazebo_plugins,Rate,0,0,0,0,0,0,,,
robotiq_s_model_articulated_gazebo_plugins,WallRate,0,0,0,0,0,0,,,
robotiq_s_model_articulated_gazebo_plugins,Duration,0,0,0,0,0,0,,,
robotiq_s_model_articulated_gazebo_plugins,WallDuration,0,0,0,0,0,0,,,
robotiq_s_model_articulated_gazebo_plugins,Total,0,0,0,0,0,0,,,
cob_control_mode_adapter,Rate,0,0,0,0,0,0,,,
cob_control_mode_adapter,WallRate,0,0,0,0,0,0,,,
cob_control_mode_adapter,Duration,2,0,2,0,0,0,,,
cob_control_mode_adapter,WallDuration,0,0,0,0,0,0,,,
cob_control_mode_adapter,Total,2,0,2,0,0,0,,,
turtlebot_actions,Rate,2,2,0,0,0,0,25.0,25.0,25.0
turtlebot_actions,WallRate,0,0,0,0,0,0,,,
turtlebot_actions,Duration,0,0,0,0,0,0,,,
turtlebot_actions,WallDuration,0,0,0,0,0,0,,,
turtlebot_actions,Total,2,2,0,0,0,0,25.0,25.0,25.0
cob_elmo_homing,Rate,0,0,0,0,0,0,,,
cob_elmo_homing,WallRate,0,0,0,0,0,0,,,
cob_elmo_homing,Duration,0,0,0,0,0,0,,,
cob_elmo_homing,WallDuration,0,0,0,0,0,0,,,
cob_elmo_homing,Total,0,0,0,0,0,0,,,
yocs_diff_drive_pose_controller,Rate,0,0,0,0,0,0,,,
yocs_diff_drive_pose_controller,WallRate,0,0,0,0,0,0,,,
yocs_diff_drive_pose_controller,Duration,0,0,0,0,0,0,,,
yocs_diff_drive_pose_controller,WallDuration,0,0,0,0,0,0,,,
yocs_diff_drive_pose_controller,Total,0,0,0,0,0,0,,,
robot_localization_utils,Rate,1,0,1,0,0,1,,,
robot_localization_utils,WallRate,0,0,0,0,0,0,,,
robot_localization_utils,Duration,1,0,1,0,0,1,,,
robot_localization_utils,WallDuration,0,0,0,0,0,0,,,
robot_localization_utils,Total,2,0,2,0,0,2,,,
turtlebot_navigation,Rate,0,0,0,0,0,0,,,
turtlebot_navigation,WallRate,0,0,0,0,0,0,,,
turtlebot_navigation,Duration,0,0,0,0,0,0,,,
turtlebot_navigation,WallDuration,0,0,0,0,0,0,,,
turtlebot_navigation,Total,0,0,0,0,0,0,,,
guardian_joystick,Rate,0,0,0,0,0,0,,,
guardian_joystick,WallRate,0,0,0,0,0,0,,,
guardian_joystick,Duration,0,0,0,0,0,0,,,
guardian_joystick,WallDuration,0,0,0,0,0,0,,,
guardian_joystick,Total,0,0,0,0,0,0,,,
kobuki_auto_docking,Rate,1,1,0,0,0,0,10,10,10
kobuki_auto_docking,WallRate,0,0,0,0,0,0,,,
kobuki_auto_docking,Duration,0,0,0,0,0,0,,,
kobuki_auto_docking,WallDuration,0,0,0,0,0,0,,,
kobuki_auto_docking,Total,1,1,0,0,0,0,10,10,10
sr_ronex_transmissions,Rate,0,0,0,0,0,0,,,
sr_ronex_transmissions,WallRate,0,0,0,0,0,0,,,
sr_ronex_transmissions,Duration,0,0,0,0,0,0,,,
sr_ronex_transmissions,WallDuration,0,0,0,0,0,0,,,
sr_ronex_transmissions,Total,0,0,0,0,0,0,,,
yocs_velocity_smoother,Rate,1,0,1,0,0,0,,,
yocs_velocity_smoother,WallRate,0,0,0,0,0,0,,,
yocs_velocity_smoother,Duration,0,0,0,0,0,0,,,
yocs_velocity_smoother,WallDuration,0,0,0,0,0,0,,,
yocs_velocity_smoother,Total,1,0,1,0,0,0,,,
kobuki_node,Rate,1,1,0,0,0,0,10,10,10
kobuki_node,WallRate,0,0,0,0,0,0,,,
kobuki_node,Duration,1,1,0,0,0,0,0.01,0.01,0.01
kobuki_node,WallDuration,0,0,0,0,0,0,,,
kobuki_node,Total,2,2,0,0,0,0,5.005,0.01,10
guardian_pad,Rate,1,1,0,0,0,0,50.0,50.0,50.0
guardian_pad,WallRate,0,0,0,0,0,0,,,
guardian_pad,Duration,0,0,0,0,0,0,,,
guardian_pad,WallDuration,0,0,0,0,0,0,,,
guardian_pad,Total,1,1,0,0,0,0,50.0,50.0,50.0
cob_sound,Rate,0,0,0,0,0,0,,,
cob_sound,WallRate,0,0,0,0,0,0,,,
cob_sound,Duration,0,0,0,0,0,0,,,
cob_sound,WallDuration,0,0,0,0,0,0,,,
cob_sound,Total,0,0,0,0,0,0,,,
yocs_ar_marker_tracking,Rate,0,0,0,0,0,0,,,
yocs_ar_marker_tracking,WallRate,0,0,0,0,0,0,,,
yocs_ar_marker_tracking,Duration,0,0,0,0,0,0,,,
yocs_ar_marker_tracking,WallDuration,0,0,0,0,0,0,,,
yocs_ar_marker_tracking,Total,0,0,0,0,0,0,,,
grizzly_base,Rate,0,0,0,0,0,0,,,
grizzly_base,WallRate,0,0,0,0,0,0,,,
grizzly_base,Duration,3,0,2,1,0,2,,,
grizzly_base,WallDuration,0,0,0,0,0,0,,,
grizzly_base,Total,3,0,2,1,0,2,,,
sr_self_test,Rate,2,2,0,0,0,0,51.0,2.0,100
sr_self_test,WallRate,0,0,0,0,0,0,,,
sr_self_test,Duration,0,0,0,0,0,0,,,
sr_self_test,WallDuration,0,0,0,0,0,0,,,
sr_self_test,Total,2,2,0,0,0,0,51.0,2.0,100
canopen_402,Rate,0,0,0,0,0,0,,,
canopen_402,WallRate,0,0,0,0,0,0,,,
canopen_402,Duration,0,0,0,0,0,0,,,
canopen_402,WallDuration,0,0,0,0,0,0,,,
canopen_402,Total,0,0,0,0,0,0,,,
cob_footprint_observer,Rate,1,1,0,0,0,0,30,30,30
cob_footprint_observer,WallRate,0,0,0,0,0,0,,,
cob_footprint_observer,Duration,0,0,0,0,0,0,,,
cob_footprint_observer,WallDuration,0,0,0,0,0,0,,,
cob_footprint_observer,Total,1,1,0,0,0,0,30,30,30
grizzly_motion,Rate,0,0,0,0,0,0,,,
grizzly_motion,WallRate,0,0,0,0,0,0,,,
grizzly_motion,Duration,0,0,0,0,0,0,,,
grizzly_motion,WallDuration,0,0,0,0,0,0,,,
grizzly_motion,Total,0,0,0,0,0,0,,,
aubo_new_driver,Rate,2,2,0,0,0,0,55.0,10,100
aubo_new_driver,WallRate,0,0,0,0,0,0,,,
aubo_new_driver,Duration,0,0,0,0,0,0,,,
aubo_new_driver,WallDuration,0,0,0,0,0,0,,,
aubo_new_driver,Total,2,2,0,0,0,0,55.0,10,100
yocs_ar_pair_tracking,Rate,1,0,1,0,0,0,,,
yocs_ar_pair_tracking,WallRate,0,0,0,0,0,0,,,
yocs_ar_pair_tracking,Duration,0,0,0,0,0,0,,,
yocs_ar_pair_tracking,WallDuration,0,0,0,0,0,0,,,
yocs_ar_pair_tracking,Total,1,0,1,0,0,0,,,
sr_remappers,Rate,0,0,0,0,0,0,,,
sr_remappers,WallRate,0,0,0,0,0,0,,,
sr_remappers,Duration,0,0,0,0,0,0,,,
sr_remappers,WallDuration,0,0,0,0,0,0,,,
sr_remappers,Total,0,0,0,0,0,0,,,
yocs_keyop,Rate,1,1,0,0,0,0,10,10,10
yocs_keyop,WallRate,0,0,0,0,0,0,,,
yocs_keyop,Duration,0,0,0,0,0,0,,,
yocs_keyop,WallDuration,0,0,0,0,0,0,,,
yocs_keyop,Total,1,1,0,0,0,0,10,10,10
robotiq_force_torque_sensor,Rate,0,0,0,0,0,0,,,
robotiq_force_torque_sensor,WallRate,0,0,0,0,0,0,,,
robotiq_force_torque_sensor,Duration,0,0,0,0,0,0,,,
robotiq_force_torque_sensor,WallDuration,0,0,0,0,0,0,,,
robotiq_force_torque_sensor,Total,0,0,0,0,0,0,,,
yocs_math_toolkit,Rate,0,0,0,0,0,0,,,
yocs_math_toolkit,WallRate,0,0,0,0,0,0,,,
yocs_math_toolkit,Duration,0,0,0,0,0,0,,,
yocs_math_toolkit,WallDuration,0,0,0,0,0,0,,,
yocs_math_toolkit,Total,0,0,0,0,0,0,,,
cob_bms_driver,Rate,0,0,0,0,0,0,,,
cob_bms_driver,WallRate,0,0,0,0,0,0,,,
cob_bms_driver,Duration,0,0,0,0,0,0,,,
cob_bms_driver,WallDuration,0,0,0,0,0,0,,,
cob_bms_driver,Total,0,0,0,0,0,0,,,
aubo_trajectory_filters,Rate,0,0,0,0,0,0,,,
aubo_trajectory_filters,WallRate,0,0,0,0,0,0,,,
aubo_trajectory_filters,Duration,0,0,0,0,0,0,,,
aubo_trajectory_filters,WallDuration,0,0,0,0,0,0,,,
aubo_trajectory_filters,Total,0,0,0,0,0,0,,,
cob_generic_can,Rate,0,0,0,0,0,0,,,
cob_generic_can,WallRate,0,0,0,0,0,0,,,
cob_generic_can,Duration,0,0,0,0,0,0,,,
cob_generic_can,WallDuration,0,0,0,0,0,0,,,
cob_generic_can,Total,0,0,0,0,0,0,,,
cob_scan_unifier,Rate,1,0,0,1,0,0,,,
cob_scan_unifier,WallRate,0,0,0,0,0,0,,,
cob_scan_unifier,Duration,0,0,0,0,0,0,,,
cob_scan_unifier,WallDuration,0,0,0,0,0,0,,,
cob_scan_unifier,Total,1,0,0,1,0,0,,,
summit_robot_control,Rate,1,0,1,0,0,0,,,
summit_robot_control,WallRate,0,0,0,0,0,0,,,
summit_robot_control,Duration,0,0,0,0,0,0,,,
summit_robot_control,WallDuration,0,0,0,0,0,0,,,
summit_robot_control,Total,1,0,1,0,0,0,,,
rb1_base_pad,Rate,1,1,0,0,0,0,50.0,50.0,50.0
rb1_base_pad,WallRate,0,0,0,0,0,0,,,
rb1_base_pad,Duration,0,0,0,0,0,0,,,
rb1_base_pad,WallDuration,0,0,0,0,0,0,,,
rb1_base_pad,Total,1,1,0,0,0,0,50.0,50.0,50.0
cob_cartesian_controller,Rate,0,0,0,0,0,0,,,
cob_cartesian_controller,WallRate,0,0,0,0,0,0,,,
cob_cartesian_controller,Duration,0,0,0,0,0,0,,,
cob_cartesian_controller,WallDuration,0,0,0,0,0,0,,,
cob_cartesian_controller,Total,0,0,0,0,0,0,,,
cyberglove,Rate,0,0,0,0,0,0,,,
cyberglove,WallRate,0,0,0,0,0,0,,,
cyberglove,Duration,0,0,0,0,0,0,,,
cyberglove,WallDuration,0,0,0,0,0,0,,,
cyberglove,Total,0,0,0,0,0,0,,,
cob_relayboard,Rate,1,1,0,0,0,0,20,20,20
cob_relayboard,WallRate,0,0,0,0,0,0,,,
cob_relayboard,Duration,0,0,0,0,0,0,,,
cob_relayboard,WallDuration,0,0,0,0,0,0,,,
cob_relayboard,Total,1,1,0,0,0,0,20,20,20
grizzly_gazebo_plugins,Rate,0,0,0,0,0,0,,,
grizzly_gazebo_plugins,WallRate,0,0,0,0,0,0,,,
grizzly_gazebo_plugins,Duration,0,0,0,0,0,0,,,
grizzly_gazebo_plugins,WallDuration,0,0,0,0,0,0,,,
grizzly_gazebo_plugins,Total,0,0,0,0,0,0,,,
cob_interactive_teleop,Rate,0,0,0,0,0,0,,,
cob_interactive_teleop,WallRate,0,0,0,0,0,0,,,
cob_interactive_teleop,Duration,0,0,0,0,0,0,,,
cob_interactive_teleop,WallDuration,0,0,0,0,0,0,,,
cob_interactive_teleop,Total,0,0,0,0,0,0,,,
cob_omni_drive_controller,Rate,0,0,0,0,0,0,,,
cob_omni_drive_controller,WallRate,0,0,0,0,0,0,,,
cob_omni_drive_controller,Duration,0,0,0,0,0,0,,,
cob_omni_drive_controller,WallDuration,0,0,0,0,0,0,,,
cob_omni_drive_controller,Total,0,0,0,0,0,0,,,
turtlebot_panorama,Rate,1,1,0,0,0,0,10,10,10
turtlebot_panorama,WallRate,0,0,0,0,0,0,,,
turtlebot_panorama,Duration,0,0,0,0,0,0,,,
turtlebot_panorama,WallDuration,0,0,0,0,0,0,,,
turtlebot_panorama,Total,1,1,0,0,0,0,10,10,10
sr_robot_lib,Rate,0,0,0,0,0,0,,,
sr_robot_lib,WallRate,0,0,0,0,0,0,,,
sr_robot_lib,Duration,1,1,0,0,0,0,0.0,0.0,0.0
sr_robot_lib,WallDuration,0,0,0,0,0,0,,,
sr_robot_lib,Total,1,1,0,0,0,0,0.0,0.0,0.0
aubo_driver,Rate,0,0,0,0,0,0,,,
aubo_driver,WallRate,0,0,0,0,0,0,,,
aubo_driver,Duration,0,0,0,0,0,0,,,
aubo_driver,WallDuration,0,0,0,0,0,0,,,
aubo_driver,Total,0,0,0,0,0,0,,,
cob_undercarriage_ctrl_node,Rate,0,0,0,0,0,0,,,
cob_undercarriage_ctrl_node,WallRate,0,0,0,0,0,0,,,
cob_undercarriage_ctrl_node,Duration,0,0,0,0,0,0,,,
cob_undercarriage_ctrl_node,WallDuration,0,0,0,0,0,0,,,
cob_undercarriage_ctrl_node,Total,0,0,0,0,0,0,,,
yocs_joyop,Rate,0,0,0,0,0,0,,,
yocs_joyop,WallRate,0,0,0,0,0,0,,,
yocs_joyop,Duration,0,0,0,0,0,0,,,
yocs_joyop,WallDuration,0,0,0,0,0,0,,,
yocs_joyop,Total,0,0,0,0,0,0,,,
robotiq_s_model_control,Rate,1,1,0,0,0,0,10,10,10
robotiq_s_model_control,WallRate,0,0,0,0,0,0,,,
robotiq_s_model_control,Duration,0,0,0,0,0,0,,,
robotiq_s_model_control,WallDuration,0,0,0,0,0,0,,,
robotiq_s_model_control,Total,1,1,0,0,0,0,10,10,10
omni_drive_controller,Rate,0,0,0,0,0,0,,,
omni_drive_controller,WallRate,0,0,0,0,0,0,,,
omni_drive_controller,Duration,0,0,0,0,0,0,,,
omni_drive_controller,WallDuration,0,0,0,0,0,0,,,
omni_drive_controller,Total,0,0,0,0,0,0,,,
rbcar_joystick,Rate,0,0,0,0,0,0,,,
rbcar_joystick,WallRate,0,0,0,0,0,0,,,
rbcar_joystick,Duration,0,0,0,0,0,0,,,
rbcar_joystick,WallDuration,0,0,0,0,0,0,,,
rbcar_joystick,Total,0,0,0,0,0,0,,,
rbcar_navigation,Rate,1,1,0,0,0,0,50,50,50
rbcar_navigation,WallRate,0,0,0,0,0,0,,,
rbcar_navigation,Duration,0,0,0,0,0,0,,,
rbcar_navigation,WallDuration,0,0,0,0,0,0,,,
rbcar_navigation,Total,1,1,0,0,0,0,50,50,50
robotiq_c_model_control,Rate,1,1,0,0,0,0,10,10,10
robotiq_c_model_control,WallRate,0,0,0,0,0,0,,,
robotiq_c_model_control,Duration,0,0,0,0,0,0,,,
robotiq_c_model_control,WallDuration,0,0,0,0,0,0,,,
robotiq_c_model_control,Total,1,1,0,0,0,0,10,10,10
sr_gazebo_sim,Rate,0,0,0,0,0,0,,,
sr_gazebo_sim,WallRate,0,0,0,0,0,0,,,
sr_gazebo_sim,Duration,0,0,0,0,0,0,,,
sr_gazebo_sim,WallDuration,0,0,0,0,0,0,,,
sr_gazebo_sim,Total,0,0,0,0,0,0,,,
guardian_robot_control,Rate,1,0,1,0,0,0,,,
guardian_robot_control,WallRate,0,0,0,0,0,0,,,
guardian_robot_control,Duration,0,0,0,0,0,0,,,
guardian_robot_control,WallDuration,0,0,0,0,0,0,,,
guardian_robot_control,Total,1,0,1,0,0,0,,,
cob_head_axis,Rate,1,1,0,0,0,0,10,10,10
cob_head_axis,WallRate,0,0,0,0,0,0,,,
cob_head_axis,Duration,0,0,0,0,0,0,,,
cob_head_axis,WallDuration,0,0,0,0,0,0,,,
cob_head_axis,Total,1,1,0,0,0,0,10,10,10
ros_ethercat_model,Rate,1,1,0,0,0,0,1.0,1.0,1.0
ros_ethercat_model,WallRate,0,0,0,0,0,0,,,
ros_ethercat_model,Duration,0,0,0,0,0,0,,,
ros_ethercat_model,WallDuration,0,0,0,0,0,0,,,
ros_ethercat_model,Total,1,1,0,0,0,0,1.0,1.0,1.0
ros_ethercat_loop,Rate,1,1,0,0,0,0,1.0,1.0,1.0
ros_ethercat_loop,WallRate,0,0,0,0,0,0,,,
ros_ethercat_loop,Duration,1,0,0,0,1,0,,,
ros_ethercat_loop,WallDuration,0,0,0,0,0,0,,,
ros_ethercat_loop,Total,2,1,0,0,1,0,1.0,1.0,1.0
turtlebot_arm_kinect_calibration,Rate,0,0,0,0,0,0,,,
turtlebot_arm_kinect_calibration,WallRate,0,0,0,0,0,0,,,
turtlebot_arm_kinect_calibration,Duration,1,0,0,0,1,0,,,
turtlebot_arm_kinect_calibration,WallDuration,0,0,0,0,0,0,,,
turtlebot_arm_kinect_calibration,Total,1,0,0,0,1,0,,,
kobuki_driver,Rate,0,0,0,0,0,0,,,
kobuki_driver,WallRate,0,0,0,0,0,0,,,
kobuki_driver,Duration,0,0,0,0,0,0,,,
kobuki_driver,WallDuration,0,0,0,0,0,0,,,
kobuki_driver,Total,0,0,0,0,0,0,,,
schunk_powercube_chain,Rate,1,0,1,0,0,1,,,
schunk_powercube_chain,WallRate,0,0,0,0,0,0,,,
schunk_powercube_chain,Duration,0,0,0,0,0,0,,,
schunk_powercube_chain,WallDuration,0,0,0,0,0,0,,,
schunk_powercube_chain,Total,1,0,1,0,0,1,,,
kobuki_ftdi,Rate,0,0,0,0,0,0,,,
kobuki_ftdi,WallRate,0,0,0,0,0,0,,,
kobuki_ftdi,Duration,0,0,0,0,0,0,,,
kobuki_ftdi,WallDuration,0,0,0,0,0,0,,,
kobuki_ftdi,Total,0,0,0,0,0,0,,,
canopen_chain_node,Rate,0,0,0,0,0,0,,,
canopen_chain_node,WallRate,0,0,0,0,0,0,,,
canopen_chain_node,Duration,0,0,0,0,0,0,,,
canopen_chain_node,WallDuration,0,0,0,0,0,0,,,
canopen_chain_node,Total,0,0,0,0,0,0,,,
yocs_waypoint_provider,Rate,0,0,0,0,0,0,,,
yocs_waypoint_provider,WallRate,0,0,0,0,0,0,,,
yocs_waypoint_provider,Duration,0,0,0,0,0,0,,,
yocs_waypoint_provider,WallDuration,0,0,0,0,0,0,,,
yocs_waypoint_provider,Total,0,0,0,0,0,0,,,
turtlebot_follower,Rate,0,0,0,0,0,0,,,
turtlebot_follower,WallRate,0,0,0,0,0,0,,,
turtlebot_follower,Duration,0,0,0,0,0,0,,,
turtlebot_follower,WallDuration,0,0,0,0,0,0,,,
turtlebot_follower,Total,0,0,0,0,0,0,,,
sr_ronex_drivers,Rate,0,0,0,0,0,0,,,
sr_ronex_drivers,WallRate,0,0,0,0,0,0,,,
sr_ronex_drivers,Duration,0,0,0,0,0,0,,,
sr_ronex_drivers,WallDuration,0,0,0,0,0,0,,,
sr_ronex_drivers,Total,0,0,0,0,0,0,,,
canopen_master,Rate,0,0,0,0,0,0,,,
canopen_master,WallRate,0,0,0,0,0,0,,,
canopen_master,Duration,0,0,0,0,0,0,,,
canopen_master,WallDuration,0,0,0,0,0,0,,,
canopen_master,Total,0,0,0,0,0,0,,,
cob_collision_velocity_filter,Rate,0,0,0,0,0,0,,,
cob_collision_velocity_filter,WallRate,0,0,0,0,0,0,,,
cob_collision_velocity_filter,Duration,0,0,0,0,0,0,,,
cob_collision_velocity_filter,WallDuration,0,0,0,0,0,0,,,
cob_collision_velocity_filter,Total,0,0,0,0,0,0,,,
sr_edc_ethercat_drivers,Rate,0,0,0,0,0,0,,,
sr_edc_ethercat_drivers,WallRate,0,0,0,0,0,0,,,
sr_edc_ethercat_drivers,Duration,0,0,0,0,0,0,,,
sr_edc_ethercat_drivers,WallDuration,0,0,0,0,0,0,,,
sr_edc_ethercat_drivers,Total,0,0,0,0,0,0,,,
kobuki_safety_controller,Rate,1,1,0,0,0,0,10,10,10
kobuki_safety_controller,WallRate,0,0,0,0,0,0,,,
kobuki_safety_controller,Duration,0,0,0,0,0,0,,,
kobuki_safety_controller,WallDuration,0,0,0,0,0,0,,,
kobuki_safety_controller,Total,1,1,0,0,0,0,10,10,10
cob_undercarriage_ctrl,Rate,0,0,0,0,0,0,,,
cob_undercarriage_ctrl,WallRate,0,0,0,0,0,0,,,
cob_undercarriage_ctrl,Duration,0,0,0,0,0,0,,,
cob_undercarriage_ctrl,WallDuration,0,0,0,0,0,0,,,
cob_undercarriage_ctrl,Total,0,0,0,0,0,0,,,
kobuki_keyop,Rate,1,1,0,0,0,0,10,10,10
kobuki_keyop,WallRate,0,0,0,0,0,0,,,
kobuki_keyop,Duration,0,0,0,0,0,0,,,
kobuki_keyop,WallDuration,0,0,0,0,0,0,,,
kobuki_keyop,Total,1,1,0,0,0,0,10,10,10
sr_ronex_controllers,Rate,0,0,0,0,0,0,,,
sr_ronex_controllers,WallRate,0,0,0,0,0,0,,,
sr_ronex_controllers,Duration,0,0,0,0,0,0,,,
sr_ronex_controllers,WallDuration,0,0,0,0,0,0,,,
sr_ronex_controllers,Total,0,0,0,0,0,0,,,
cob_model_identifier,Rate,0,0,0,0,0,0,,,
cob_model_identifier,WallRate,0,0,0,0,0,0,,,
cob_model_identifier,Duration,0,0,0,0,0,0,,,
cob_model_identifier,WallDuration,0,0,0,0,0,0,,,
cob_model_identifier,Total,0,0,0,0,0,0,,,
sr_mechanism_model,Rate,0,0,0,0,0,0,,,
sr_mechanism_model,WallRate,0,0,0,0,0,0,,,
sr_mechanism_model,Duration,0,0,0,0,0,0,,,
sr_mechanism_model,WallDuration,0,0,0,0,0,0,,,
sr_mechanism_model,Total,0,0,0,0,0,0,,,
rbcar_pad,Rate,0,0,0,0,0,0,,,
rbcar_pad,WallRate,0,0,0,0,0,0,,,
rbcar_pad,Duration,0,0,0,0,0,0,,,
rbcar_pad,WallDuration,0,0,0,0,0,0,,,
rbcar_pad,Total,0,0,0,0,0,0,,,
industrial_robot_client,Rate,0,0,0,0,0,0,,,
industrial_robot_client,WallRate,0,0,0,0,0,0,,,
industrial_robot_client,Duration,0,0,0,0,0,0,,,
industrial_robot_client,WallDuration,0,0,0,0,0,0,,,
industrial_robot_client,Total,0,0,0,0,0,0,,,
robotiq_action_server,Rate,0,0,0,0,0,0,,,
robotiq_action_server,WallRate,0,0,0,0,0,0,,,
robotiq_action_server,Duration,0,0,0,0,0,0,,,
robotiq_action_server,WallDuration,0,0,0,0,0,0,,,
robotiq_action_server,Total,0,0,0,0,0,0,,,
cob_sick_lms1xx,Rate,0,0,0,0,0,0,,,
cob_sick_lms1xx,WallRate,0,0,0,0,0,0,,,
cob_sick_lms1xx,Duration,0,0,0,0,0,0,,,
cob_sick_lms1xx,WallDuration,0,0,0,0,0,0,,,
cob_sick_lms1xx,Total,0,0,0,0,0,0,,,
rb1_arm_joystick,Rate,0,0,0,0,0,0,,,
rb1_arm_joystick,WallRate,0,0,0,0,0,0,,,
rb1_arm_joystick,Duration,0,0,0,0,0,0,,,
rb1_arm_joystick,WallDuration,0,0,0,0,0,0,,,
rb1_arm_joystick,Total,0,0,0,0,0,0,,,
yocs_cmd_vel_mux,Rate,0,0,0,0,0,0,,,
yocs_cmd_vel_mux,WallRate,0,0,0,0,0,0,,,
yocs_cmd_vel_mux,Duration,0,0,0,0,0,0,,,
yocs_cmd_vel_mux,WallDuration,0,0,0,0,0,0,,,
yocs_cmd_vel_mux,Total,0,0,0,0,0,0,,,
cob_base_drive_chain,Rate,2,2,0,0,0,0,100.0,100,100
cob_base_drive_chain,WallRate,0,0,0,0,0,0,,,
cob_base_drive_chain,Duration,0,0,0,0,0,0,,,
cob_base_drive_chain,WallDuration,0,0,0,0,0,0,,,
cob_base_drive_chain,Total,2,2,0,0,0,0,100.0,100,100
cob_frame_tracker,Rate,0,0,0,0,0,0,,,
cob_frame_tracker,WallRate,0,0,0,0,0,0,,,
cob_frame_tracker,Duration,0,0,0,0,0,0,,,
cob_frame_tracker,WallDuration,0,0,0,0,0,0,,,
cob_frame_tracker,Total,0,0,0,0,0,0,,,
cob_trajectory_controller,Rate,1,0,1,0,0,0,,,
cob_trajectory_controller,WallRate,0,0,0,0,0,0,,,
cob_trajectory_controller,Duration,0,0,0,0,0,0,,,
cob_trajectory_controller,WallDuration,0,0,0,0,0,0,,,
cob_trajectory_controller,Total,1,0,1,0,0,0,,,
agvs_pad,Rate,0,0,0,0,0,0,,,
agvs_pad,WallRate,0,0,0,0,0,0,,,
agvs_pad,Duration,0,0,0,0,0,0,,,
agvs_pad,WallDuration,0,0,0,0,0,0,,,
agvs_pad,Total,0,0,0,0,0,0,,,
yocs_virtual_sensor,Rate,1,0,1,0,0,0,,,
yocs_virtual_sensor,WallRate,0,0,0,0,0,0,,,
yocs_virtual_sensor,Duration,0,0,0,0,0,0,,,
yocs_virtual_sensor,WallDuration,0,0,0,0,0,0,,,
yocs_virtual_sensor,Total,1,0,1,0,0,0,,,
kobuki_random_walker,Rate,1,0,1,0,0,0,,,
kobuki_random_walker,WallRate,0,0,0,0,0,0,,,
kobuki_random_walker,Duration,0,0,0,0,0,0,,,
kobuki_random_walker,WallDuration,0,0,0,0,0,0,,,
kobuki_random_walker,Total,1,0,1,0,0,0,,,
kobuki_dock_drive,Rate,0,0,0,0,0,0,,,
kobuki_dock_drive,WallRate,0,0,0,0,0,0,,,
kobuki_dock_drive,Duration,0,0,0,0,0,0,,,
kobuki_dock_drive,WallDuration,0,0,0,0,0,0,,,
kobuki_dock_drive,Total,0,0,0,0,0,0,,,
sr_movements,Rate,0,0,0,0,0,0,,,
sr_movements,WallRate,0,0,0,0,0,0,,,
sr_movements,Duration,0,0,0,0,0,0,,,
sr_movements,WallDuration,0,0,0,0,0,0,,,
sr_movements,Total,0,0,0,0,0,0,,,
aubo_trajectory,Rate,1,1,0,0,0,0,20,20,20
aubo_trajectory,WallRate,0,0,0,0,0,0,,,
aubo_trajectory,Duration,0,0,0,0,0,0,,,
aubo_trajectory,WallDuration,0,0,0,0,0,0,,,
aubo_trajectory,Total,1,1,0,0,0,0,20,20,20
yocs_waypoints_navi,Rate,1,0,1,0,0,0,,,
yocs_waypoints_navi,WallRate,0,0,0,0,0,0,,,
yocs_waypoints_navi,Duration,0,0,0,0,0,0,,,
yocs_waypoints_navi,WallDuration,0,0,0,0,0,0,,,
yocs_waypoints_navi,Total,1,0,1,0,0,0,,,
